Workbook
Name Slicer_Income_Level1: #N/A
Name Slicer_Region: #N/A

Sheet Dashboard

Sheet 4A. Figure A
A2: A. A column chart showing the average of the indicator across the years

Sheet 4B. Figure B 
A2: B. A bar chart across regions, showing the average primary school enrollment in 2024

Sheet 4C. Figure C 
A2: C. Clustured Column for hypothetical indicator

Sheet Back End>>

Sheet Pivot tables
D2: Figure 4A
A3: Row Labels | B3: Average of 2024 | C3: Average of 2023 | D3: Average of 2022 | E3: Average of 2021
A4: High income | B4: 99.233338 | C4: 100.97786 | D4: 100.18914 | E4: 100.34289
A5: Low income | B5: 110.01349 | C5: 101.40255 | D5: 105.68036 | E5: 107.04119
A6: Lower middle income | B6: 99.021003 | C6: 98.791341 | D6: 99.451075 | E6: 98.449858
A7: Upper middle income | B7: 100.35202 | C7: 99.952684 | D7: 100.99849 | E7: 100.97321
A8: Grand Total | B8: 100.92416 | C8: 100.18622 | D8: 100.71362 | E8: 100.54284
D11: Figure 4B
A13: Income Level | B13: (All)
A15: Row Labels | B15: Average of 2024
A16: East Asia & Pacific | B16: 98.762839
A17: Europe & Central Asia | B17: 100.87349
A18: Latin America & Caribbean | B18: 97.211229
A19: Middle East, North Africa, Afghanistan & Pakistan | B19: 97.402734
A20: North America
A21: South Asia | B21: 113.24585
A22: Sub-Saharan Africa | B22: 104.69098
A23: Grand Total | B23: 100.92416
D25: Figure 4C
B31: Column Labels
A32: Values | B32: A | C32: B | D32: C | E32: Grand Total
A33: Average of 2024 | B33: 100.12322 | C33: 103.45848 | D33: 99.270865 | E33: 100.92416
A34: Average of 2023 | B34: 100.86288 | C34: 99.274303 | D34: 100.48144 | E34: 100.18622
A35: Average of 2022 | B35: 100.73983 | C35: 100.92852 | D35: 100.45728 | E35: 100.71362

Sheet Pivot fig 4A
A3: Row Labels | B3: Average of 2021 | C3: Average of 2022 | D3: Average of 2023 | E3: Average of 2024
A4: High income | B4: 100.34289 | C4: 100.18914 | D4: 100.97786 | E4: 99.233338
A5: Low income | B5: 107.04119 | C5: 105.68036 | D5: 101.40255 | E5: 110.01349
A6: Lower middle income | B6: 98.449858 | C6: 99.451075 | D6: 98.791341 | E6: 99.021003
A7: Upper middle income | B7: 100.97321 | C7: 100.99849 | D7: 99.952684 | E7: 100.35202
A8: Grand Total | B8: 100.54284 | C8: 100.71362 | D8: 100.18622 | E8: 100.92416

Sheet Pivot 4B
A3: Row Labels | B3: Average of 2024
A4: Latin America & Caribbean | B4: 97.211229
A5: Middle East, North Africa, Afghanistan & Pakistan | B5: 97.402734
A6: East Asia & Pacific | B6: 98.762839
A7: Europe & Central Asia | B7: 100.87349
A8: Sub-Saharan Africa | B8: 104.69098
A9: South Asia | B9: 113.24585
A10: Grand Total | B10: 100.92416

Sheet Pivot 4C
B3: Column Labels
A4: Values | B4: A | C4: B | D4: C | E4: Grand Total
A5: Average of 2022 | B5: 100.73983 | C5: 100.92852 | D5: 100.45728 | E5: 100.71362
A6: Average of 2023 | B6: 100.86288 | C6: 99.274303 | D6: 100.48144 | E6: 100.18622
A7: Average of 2024 | B7: 100.12322 | C7: 103.45848 | D7: 99.270865 | E7: 100.92416

Sheet Combined Data
A1: Country Name | B1: 2020 | C1: 2021 | D1: 2022 | E1: 2023 | F1: 2024 | G1: Income Level | H1: Region | I1: Hypothetical Metric
A2: Afghanistan | G2: =VLOOKUP('Combined Data'!A:A,Table13[#All],4, FALSE) -> Low income | H2: =VLOOKUP('Combined Data'!A:A,Table13[],3, FALSE) -> Middle East, North Africa, Afghanistan & Pakistan | I2: A
A3: Albania | B3: 100.02097 | C3: 97.107504 | D3: 96.37123 | E3: 93.713812 | F3: 111.51165 | G3: =VLOOKUP('Combined Data'!A:A,Table13[#All],4, FALSE) -> Upper middle income | H3: =VLOOKUP('Combined Data'!A:A,Table13[],3, FALSE) -> Europe & Central Asia | I3: B
A4: Algeria | B4: 108.53194 | C4: 104.73976 | D4: 105.74715 | E4: 105.84075 | F4: 106.36889 | G4: =VLOOKUP('Combined Data'!A:A,Table13[#All],4, FALSE) -> Upper middle income | H4: =VLOOKUP('Combined Data'!A:A,Table13[],3, FALSE) -> Middle East, North Africa, Afghanistan & Pakistan | I4: C
A5: American Samoa | G5: =VLOOKUP('Combined Data'!A:A,Table13[#All],4, FALSE) -> High income | H5: =VLOOKUP('Combined Data'!A:A,Table13[],3, FALSE) -> East Asia & Pacific | I5: A
A6: Andorra | B6: 89.427127 | C6: 89.737991 | D6: 90.465681 | E6: 97.444673 | F6: 99.857955 | G6: =VLOOKUP('Combined Data'!A:A,Table13[#All],4, FALSE) -> High income | H6: =VLOOKUP('Combined Data'!A:A,Table13[],3, FALSE) -> Europe & Central Asia | I6: B
A7: Angola | C7: 89.226609 | E7: 86.735392 | G7: =VLOOKUP('Combined Data'!A:A,Table13[#All],4, FALSE) -> Lower middle income | H7: =VLOOKUP('Combined Data'!A:A,Table13[],3, FALSE) -> Sub-Saharan Africa | I7: C
A8: Antigua and Barbuda | D8: 121.56321 | E8: 112.25541 | G8: =VLOOKUP('Combined Data'!A:A,Table13[#All],4, FALSE) -> High income | H8: =VLOOKUP('Combined Data'!A:A,Table13[],3, FALSE) -> Latin America & Caribbean | I8: A
A9: Argentina | B9: 108.50462 | C9: 108.13962 | D9: 106.75983 | E9: 102.53524 | G9: =VLOOKUP('Combined Data'!A:A,Table13[#All],4, FALSE) -> Upper middle income | H9: =VLOOKUP('Combined Data'!A:A,Table13[],3, FALSE) -> Latin America & Caribbean | I9: B
A10: Armenia | B10: 92.869262 | C10: 94.63922 | D10: 96.94543 | E10: 98.089988 | F10: 101.99055 | G10: =VLOOKUP('Combined Data'!A:A,Table13[#All],4, FALSE) -> Upper middle income | H10: =VLOOKUP('Combined Data'!A:A,Table13[],3, FALSE) -> Europe & Central Asia | I10: C
A11: Aruba | B11: 107.23534 | C11: 108.59951 | D11: 102.62073 | F11: 107.717 | G11: =VLOOKUP('Combined Data'!A:A,Table13[#All],4, FALSE) -> High income | H11: =VLOOKUP('Combined Data'!A:A,Table13[],3, FALSE) -> Latin America & Caribbean | I11: A
A12: Australia | B12: 99.901108 | C12: 99.929153 | D12: 99.132988 | E12: 99.365753 | G12: =VLOOKUP('Combined Data'!A:A,Table13[#All],4, FALSE) -> High income | H12: =VLOOKUP('Combined Data'!A:A,Table13[],3, FALSE) -> East Asia & Pacific | I12: B
A13: Austria | B13: 101.56085 | C13: 101.64412 | D13: 100.77563 | E13: 100.90287 | G13: =VLOOKUP('Combined Data'!A:A,Table13[#All],4, FALSE) -> High income | H13: =VLOOKUP('Combined Data'!A:A,Table13[],3, FALSE) -> Europe & Central Asia | I13: C
A14: Azerbaijan | B14: 98.236071 | C14: 97.7305 | D14: 99.808298 | E14: 101.9797 | F14: 105.62502 | G14: =VLOOKUP('Combined Data'!A:A,Table13[#All],4, FALSE) -> Upper middle income | H14: =VLOOKUP('Combined Data'!A:A,Table13[],3, FALSE) -> Europe & Central Asia | I14: A
A15: Bahamas, The | C15: 80.523712 | E15: 78.393193 | F15: 92.856648 | G15: =VLOOKUP('Combined Data'!A:A,Table13[#All],4, FALSE) -> High income | H15: =VLOOKUP('Combined Data'!A:A,Table13[],3, FALSE) -> Latin America & Caribbean | I15: B
A16: Bahrain | D16: 96.992729 | E16: 93.899895 | F16: 96.875248 | G16: =VLOOKUP('Combined Data'!A:A,Table13[#All],4, FALSE) -> High income | H16: =VLOOKUP('Combined Data'!A:A,Table13[],3, FALSE) -> Middle East, North Africa, Afghanistan & Pakistan | I16: C
A17: Bangladesh | B17: 110.06662 | C17: 106.33485 | D17: 107.80207 | E17: 103.11642 | F17: 106.49131 | G17: =VLOOKUP('Combined Data'!A:A,Table13[#All],4, FALSE) -> Lower middle income | H17: =VLOOKUP('Combined Data'!A:A,Table13[],3, FALSE) -> South Asia | I17: A
A18: Barbados | B18: 94.513483 | C18: 92.770903 | D18: 90.187532 | E18: 88.007569 | F18: 83.937024 | G18: =VLOOKUP('Combined Data'!A:A,Table13[#All],4, FALSE) -> High income | H18: =VLOOKUP('Combined Data'!A:A,Table13[],3, FALSE) -> Latin America & Caribbean | I18: B
A19: Belarus | B19: 95.525015 | C19: 95.526644 | D19: 95.430715 | E19: 95.218363 | F19: 96.822403 | G19: =VLOOKUP('Combined Data'!A:A,Table13[#All],4, FALSE) -> Upper middle income | H19: =VLOOKUP('Combined Data'!A:A,Table13[],3, FALSE) -> Europe & Central Asia | I19: C
A20: Belgium | B20: 102.06427 | C20: 101.82114 | D20: 102.17699 | E20: 102.10801 | G20: =VLOOKUP('Combined Data'!A:A,Table13[#All],4, FALSE) -> High income | H20: =VLOOKUP('Combined Data'!A:A,Table13[],3, FALSE) -> Europe & Central Asia | I20: A
A21: Belize | B21: 112.25143 | C21: 107.33727 | D21: 101.53137 | E21: 97.787446 | F21: 96.481925 | G21: =VLOOKUP('Combined Data'!A:A,Table13[#All],4, FALSE) -> Upper middle income | H21: =VLOOKUP('Combined Data'!A:A,Table13[],3, FALSE) -> Latin America & Caribbean | I21: B
A22: Benin | B22: 104.03317 | C22: 105.6313 | D22: 108.03624 | G22: =VLOOKUP('Combined Data'!A:A,Table13[#All],4, FALSE) -> Lower middle income | H22: =VLOOKUP('Combined Data'!A:A,Table13[],3, FALSE) -> Sub-Saharan Africa | I22: C
A23: Bermuda | E23: 92.85125 | G23: =VLOOKUP('Combined Data'!A:A,Table13[#All],4, FALSE) -> High income | H23: =VLOOKUP('Combined Data'!A:A,Table13[],3, FALSE) -> North America | I23: A
A24: Bhutan | B24: 103.82601 | C24: 105.46105 | D24: 105.26615 | E24: 106.6874 | F24: 114.88112 | G24: =VLOOKUP('Combined Data'!A:A,Table13[#All],4, FALSE) -> Lower middle income | H24: =VLOOKUP('Combined Data'!A:A,Table13[],3, FALSE) -> South Asia | I24: B
A25: Bolivia | B25: 98.236949 | C25: 98.469423 | D25: 99.196088 | E25: 98.572689 | G25: =VLOOKUP('Combined Data'!A:A,Table13[#All],4, FALSE) -> Lower middle income | H25: =VLOOKUP('Combined Data'!A:A,Table13[],3, FALSE) -> Latin America & Caribbean | I25: C
A26: Bosnia and Herzegovina | B26: 100.26393 | C26: 101.16862 | D26: 101.60451 | E26: 101.19488 | G26: =VLOOKUP('Combined Data'!A:A,Table13[#All],4, FALSE) -> Upper middle income | H26: =VLOOKUP('Combined Data'!A:A,Table13[],3, FALSE) -> Europe & Central Asia | I26: A
A27: Botswana | C27: 104.61998 | D27: 109.27326 | G27: =VLOOKUP('Combined Data'!A:A,Table13[#All],4, FALSE) -> Upper middle income | H27: =VLOOKUP('Combined Data'!A:A,Table13[],3, FALSE) -> Sub-Saharan Africa | I27: B
A28: Brazil | B28: 105.4982 | C28: 103.47168 | D28: 103.97032 | G28: =VLOOKUP('Combined Data'!A:A,Table13[#All],4, FALSE) -> Upper middle income | H28: =VLOOKUP('Combined Data'!A:A,Table13[],3, FALSE) -> Latin America & Caribbean | I28: C
A29: British Virgin Islands | B29: 86.852207 | C29: 92.687018 | D29: 73.17157 | E29: 87.316562 | F29: 72.779991 | G29: =VLOOKUP('Combined Data'!A:A,Table13[#All],4, FALSE) -> High income | H29: =VLOOKUP('Combined Data'!A:A,Table13[],3, FALSE) -> Latin America & Caribbean | I29: A
A30: Brunei Darussalam | B30: 102.70963 | C30: 101.38793 | D30: 99.134913 | E30: 96.929219 | G30: =VLOOKUP('Combined Data'!A:A,Table13[#All],4, FALSE) -> High income | H30: =VLOOKUP('Combined Data'!A:A,Table13[],3, FALSE) -> East Asia & Pacific | I30: B
A31: Bulgaria | B31: 96.543762 | C31: 95.611099 | D31: 95.888519 | E31: 95.423218 | G31: =VLOOKUP('Combined Data'!A:A,Table13[#All],4, FALSE) -> High income | H31: =VLOOKUP('Combined Data'!A:A,Table13[],3, FALSE) -> Europe & Central Asia | I31: C
A32: Burkina Faso | B32: 87.698847 | C32: 87.018335 | D32: 82.256706 | E32: 72.238595 | F32: 77.166593 | G32: =VLOOKUP('Combined Data'!A:A,Table13[#All],4, FALSE) -> Low income | H32: =VLOOKUP('Combined Data'!A:A,Table13[],3, FALSE) -> Sub-Saharan Africa | I32: A
A33: Burundi | B33: 101.66109 | G33: =VLOOKUP('Combined Data'!A:A,Table13[#All],4, FALSE) -> Low income | H33: =VLOOKUP('Combined Data'!A:A,Table13[],3, FALSE) -> Sub-Saharan Africa | I33: B
A34: Cabo Verde | B34: 103.42828 | C34: 103.02597 | D34: 102.97301 | G34: =VLOOKUP('Combined Data'!A:A,Table13[#All],4, FALSE) -> Upper middle income | H34: =VLOOKUP('Combined Data'!A:A,Table13[],3, FALSE) -> Sub-Saharan Africa | I34: C
A35: Cambodia | B35: 107.02102 | C35: 105.28248 | D35: 106.33154 | E35: 107.03901 | F35: 108.97133 | G35: =VLOOKUP('Combined Data'!A:A,Table13[#All],4, FALSE) -> Lower middle income | H35: =VLOOKUP('Combined Data'!A:A,Table13[],3, FALSE) -> East Asia & Pacific | I35: A
A36: Cameroon | C36: 110.10779 | D36: 112.49464 | E36: 114.42483 | F36: 114.40728 | G36: =VLOOKUP('Combined Data'!A:A,Table13[#All],4, FALSE) -> Lower middle income | H36: =VLOOKUP('Combined Data'!A:A,Table13[],3, FALSE) -> Sub-Saharan Africa | I36: B
A37: Canada | B37: 96.908974 | C37: 95.229622 | D37: 94.74498 | E37: 94.952339 | G37: =VLOOKUP('Combined Data'!A:A,Table13[#All],4, FALSE) -> High income | H37: =VLOOKUP('Combined Data'!A:A,Table13[],3, FALSE) -> North America | I37: C
A38: Cayman Islands | B38: 97.65238 | C38: 95.47849 | D38: 98.38567 | E38: 101.44124 | F38: 95.736691 | G38: =VLOOKUP('Combined Data'!A:A,Table13[#All],4, FALSE) -> High income | H38: =VLOOKUP('Combined Data'!A:A,Table13[],3, FALSE) -> Latin America & Caribbean | I38: A
A39: Central African Republic | G39: =VLOOKUP('Combined Data'!A:A,Table13[#All],4, FALSE) -> Low income | H39: =VLOOKUP('Combined Data'!A:A,Table13[],3, FALSE) -> Sub-Saharan Africa | I39: B
A40: Chad | C40: 86.14543 | D40: 87.034732 | E40: 88.343658 | F40: 88.464522 | G40: =VLOOKUP('Combined Data'!A:A,Table13[#All],4, FALSE) -> Low income | H40: =VLOOKUP('Combined Data'!A:A,Table13[],3, FALSE) -> Sub-Saharan Africa | I40: C
A41: Channel Islands | G41: =VLOOKUP('Combined Data'!A:A,Table13[#All],4, FALSE) -> High income | H41: =VLOOKUP('Combined Data'!A:A,Table13[],3, FALSE) -> Europe & Central Asia | I41: A
A42: Chile | B42: 99.704399 | C42: 99.365227 | D42: 100.19227 | E42: 100.31838 | G42: =VLOOKUP('Combined Data'!A:A,Table13[#All],4, FALSE) -> High income | H42: =VLOOKUP('Combined Data'!A:A,Table13[],3, FALSE) -> Latin America & Caribbean | I42: B
A43: China | B43: 98.786063 | C43: 99.229456 | D43: 100.09807 | E43: 99.171863 | F43: 99.644963 | G43: =VLOOKUP('Combined Data'!A:A,Table13[#All],4, FALSE) -> Upper middle income | H43: =VLOOKUP('Combined Data'!A:A,Table13[],3, FALSE) -> East Asia & Pacific | I43: C
A44: Colombia | B44: 107.08369 | C44: 106.48836 | D44: 104.83047 | G44: =VLOOKUP('Combined Data'!A:A,Table13[#All],4, FALSE) -> Upper middle income | H44: =VLOOKUP('Combined Data'!A:A,Table13[],3, FALSE) -> Latin America & Caribbean | I44: A
A45: Comoros | C45: 86.817528 | F45: 97.004919 | G45: =VLOOKUP('Combined Data'!A:A,Table13[#All],4, FALSE) -> Lower middle income | H45: =VLOOKUP('Combined Data'!A:A,Table13[],3, FALSE) -> Sub-Saharan Africa | I45: B
A46: Congo, Dem. Rep. | B46: 115.89829 | C46: 120.06845 | E46: 117.6021 | G46: =VLOOKUP('Combined Data'!A:A,Table13[#All],4, FALSE) -> Low income | H46: =VLOOKUP('Combined Data'!A:A,Table13[],3, FALSE) -> Sub-Saharan Africa | I46: C
A47: Congo, Rep. | E47: 87.880241 | G47: =VLOOKUP('Combined Data'!A:A,Table13[#All],4, FALSE) -> Lower middle income | H47: =VLOOKUP('Combined Data'!A:A,Table13[],3, FALSE) -> Sub-Saharan Africa | I47: A
A48: Costa Rica | B48: 108.29365 | C48: 107.19037 | D48: 106.19713 | E48: 106.15662 | G48: =VLOOKUP('Combined Data'!A:A,Table13[#All],4, FALSE) -> High income | H48: =VLOOKUP('Combined Data'!A:A,Table13[],3, FALSE) -> Latin America & Caribbean | I48: B
A49: Cote d'Ivoire | B49: 88.62666 | C49: 85.830089 | D49: 86.454584 | E49: 91.809341 | F49: 93.296437 | G49: =VLOOKUP('Combined Data'!A:A,Table13[#All],4, FALSE) -> Lower middle income | H49: =VLOOKUP('Combined Data'!A:A,Table13[],3, FALSE) -> Sub-Saharan Africa | I49: C
A50: Croatia | B50: 99.48867 | C50: 99.744148 | D50: 100.52798 | E50: 101.15779 | G50: =VLOOKUP('Combined Data'!A:A,Table13[#All],4, FALSE) -> High income | H50: =VLOOKUP('Combined Data'!A:A,Table13[],3, FALSE) -> Europe & Central Asia | I50: A
A51: Cuba | B51: 101.31743 | C51: 101.30292 | D51: 100.5802 | E51: 99.328173 | F51: 98.109219 | G51: =VLOOKUP('Combined Data'!A:A,Table13[#All],4, FALSE) -> Upper middle income | H51: =VLOOKUP('Combined Data'!A:A,Table13[],3, FALSE) -> Latin America & Caribbean | I51: B
A52: Curacao | B52: 113.35088 | E52: 109.16814 | G52: =VLOOKUP('Combined Data'!A:A,Table13[#All],4, FALSE) -> High income | H52: =VLOOKUP('Combined Data'!A:A,Table13[],3, FALSE) -> Latin America & Caribbean | I52: C
A53: Cyprus | B53: 100.73516 | C53: 99.102814 | D53: 97.00164 | E53: 98.591827 | G53: =VLOOKUP('Combined Data'!A:A,Table13[#All],4, FALSE) -> High income | H53: =VLOOKUP('Combined Data'!A:A,Table13[],3, FALSE) -> Europe & Central Asia | I53: A
A54: Czechia | B54: 99.784531 | C54: 101.67784 | D54: 100.97535 | E54: 99.699089 | G54: =VLOOKUP('Combined Data'!A:A,Table13[#All],4, FALSE) -> High income | H54: =VLOOKUP('Combined Data'!A:A,Table13[],3, FALSE) -> Europe & Central Asia | I54: B
A55: Denmark | B55: 100.45959 | C55: 100.30842 | D55: 100.24445 | E55: 99.869888 | G55: =VLOOKUP('Combined Data'!A:A,Table13[#All],4, FALSE) -> High income | H55: =VLOOKUP('Combined Data'!A:A,Table13[],3, FALSE) -> Europe & Central Asia | I55: C
A56: Djibouti | G56: =VLOOKUP('Combined Data'!A:A,Table13[#All],4, FALSE) -> Lower middle income | H56: =VLOOKUP('Combined Data'!A:A,Table13[],3, FALSE) -> Middle East, North Africa, Afghanistan & Pakistan | I56: A
A57: Dominica | B57: 99.325518 | C57: 101.03635 | D57: 100.80876 | E57: 99.072165 | F57: 96.787709 | G57: =VLOOKUP('Combined Data'!A:A,Table13[#All],4, FALSE) -> Upper middle income | H57: =VLOOKUP('Combined Data'!A:A,Table13[],3, FALSE) -> Latin America & Caribbean | I57: B
A58: Dominican Republic | B58: 105.92524 | C58: 96.870457 | D58: 100.49229 | E58: 101.64485 | F58: 101.93908 | G58: =VLOOKUP('Combined Data'!A:A,Table13[#All],4, FALSE) -> Upper middle income | H58: =VLOOKUP('Combined Data'!A:A,Table13[],3, FALSE) -> Latin America & Caribbean | I58: C
A59: Ecuador | B59: 98.116382 | C59: 98.17576 | D59: 99.568014 | E59: 97.24901 | G59: =VLOOKUP('Combined Data'!A:A,Table13[#All],4, FALSE) -> Upper middle income | H59: =VLOOKUP('Combined Data'!A:A,Table13[],3, FALSE) -> Latin America & Caribbean | I59: A
A60: Egypt, Arab Rep. | B60: 95.643301 | C60: 97.001058 | D60: 89.510087 | E60: 95.921707 | F60: 96.707386 | G60: =VLOOKUP('Combined Data'!A:A,Table13[#All],4, FALSE) -> Lower middle income | H60: =VLOOKUP('Combined Data'!A:A,Table13[],3, FALSE) -> Middle East, North Africa, Afghanistan & Pakistan | I60: B
A61: El Salvador | B61: 90.657943 | C61: 89.081877 | D61: 89.130409 | E61: 90.883721 | F61: 89.880408 | G61: =VLOOKUP('Combined Data'!A:A,Table13[#All],4, FALSE) -> Upper middle income | H61: =VLOOKUP('Combined Data'!A:A,Table13[],3, FALSE) -> Latin America & Caribbean | I61: C
A62: Equatorial Guinea | G62: =VLOOKUP('Combined Data'!A:A,Table13[#All],4, FALSE) -> Upper middle income | H62: =VLOOKUP('Combined Data'!A:A,Table13[],3, FALSE) -> Sub-Saharan Africa | I62: A
A63: Eritrea | D63: 89.731247 | G63: =VLOOKUP('Combined Data'!A:A,Table13[#All],4, FALSE) -> Low income | H63: =VLOOKUP('Combined Data'!A:A,Table13[],3, FALSE) -> Sub-Saharan Africa | I63: B
A64: Estonia | B64: 98.346672 | C64: 98.814667 | D64: 99.263817 | E64: 98.338158 | G64: =VLOOKUP('Combined Data'!A:A,Table13[#All],4, FALSE) -> High income | H64: =VLOOKUP('Combined Data'!A:A,Table13[],3, FALSE) -> Europe & Central Asia | I64: C
A65: Eswatini | D65: 117.19574 | E65: 116.527 | G65: =VLOOKUP('Combined Data'!A:A,Table13[#All],4, FALSE) -> Lower middle income | H65: =VLOOKUP('Combined Data'!A:A,Table13[],3, FALSE) -> Sub-Saharan Africa | I65: A
A66: Ethiopia | B66: 112.67017 | C66: 101.33892 | D66: 84.631773 | E66: 83.731975 | F66: 84.41601 | G66: =VLOOKUP('Combined Data'!A:A,Table13[#All],4, FALSE) -> Lower middle income | H66: =VLOOKUP('Combined Data'!A:A,Table13[],3, FALSE) -> Sub-Saharan Africa | I66: B
A67: Faroe Islands | G67: =VLOOKUP('Combined Data'!A:A,Table13[#All],4, FALSE) -> High income | H67: =VLOOKUP('Combined Data'!A:A,Table13[],3, FALSE) -> Europe & Central Asia | I67: C
A68: Fiji | B68: 112.55333 | C68: 114.93183 | D68: 112.26029 | E68: 111.93661 | F68: 110.37723 | G68: =VLOOKUP('Combined Data'!A:A,Table13[#All],4, FALSE) -> Upper middle income | H68: =VLOOKUP('Combined Data'!A:A,Table13[],3, FALSE) -> East Asia & Pacific | I68: A
A69: Finland | B69: 99.817581 | C69: 99.35363 | D69: 98.619019 | E69: 99.115173 | G69: =VLOOKUP('Combined Data'!A:A,Table13[#All],4, FALSE) -> High income | H69: =VLOOKUP('Combined Data'!A:A,Table13[],3, FALSE) -> Europe & Central Asia | I69: B
A70: France | B70: 102.65163 | C70: 102.58041 | D70: 102.70949 | E70: 103.26512 | G70: =VLOOKUP('Combined Data'!A:A,Table13[#All],4, FALSE) -> High income | H70: =VLOOKUP('Combined Data'!A:A,Table13[],3, FALSE) -> Europe & Central Asia | I70: C
A71: French Polynesia | G71: =VLOOKUP('Combined Data'!A:A,Table13[#All],4, FALSE) -> High income | H71: =VLOOKUP('Combined Data'!A:A,Table13[],3, FALSE) -> East Asia & Pacific | I71: A
A72: Gabon | G72: =VLOOKUP('Combined Data'!A:A,Table13[#All],4, FALSE) -> Upper middle income | H72: =VLOOKUP('Combined Data'!A:A,Table13[],3, FALSE) -> Sub-Saharan Africa | I72: B
A73: Gambia, The | B73: 96.882703 | C73: 96.323542 | D73: 97.278172 | E73: 98.735967 | F73: 98.605883 | G73: =VLOOKUP('Combined Data'!A:A,Table13[#All],4, FALSE) -> Low income | H73: =VLOOKUP('Combined Data'!A:A,Table13[],3, FALSE) -> Sub-Saharan Africa | I73: C
A74: Georgia | B74: 100.77953 | C74: 101.28644 | D74: 102.72783 | E74: 100.88726 | F74: 99.356021 | G74: =VLOOKUP('Combined Data'!A:A,Table13[#All],4, FALSE) -> Upper middle income | H74: =VLOOKUP('Combined Data'!A:A,Table13[],3, FALSE) -> Europe & Central Asia | I74: A
A75: Germany | B75: 101.99666 | C75: 101.34655 | D75: 100.21813 | E75: 102.19069 | G75: =VLOOKUP('Combined Data'!A:A,Table13[#All],4, FALSE) -> High income | H75: =VLOOKUP('Combined Data'!A:A,Table13[],3, FALSE) -> Europe & Central Asia | I75: B
A76: Ghana | B76: 98.404895 | C76: 99.450944 | D76: 98.231895 | G76: =VLOOKUP('Combined Data'!A:A,Table13[#All],4, FALSE) -> Lower middle income | H76: =VLOOKUP('Combined Data'!A:A,Table13[],3, FALSE) -> Sub-Saharan Africa | I76: C
A77: Gibraltar | B77: 108.72027 | C77: 108.46834 | D77: 106.32772 | E77: 103.55702 | F77: 101.77318 | G77: =VLOOKUP('Combined Data'!A:A,Table13[#All],4, FALSE) -> High income | H77: =VLOOKUP('Combined Data'!A:A,Table13[],3, FALSE) -> Europe & Central Asia | I77: A
A78: Greece | B78: 97.283173 | C78: 97.331322 | D78: 101.19203 | E78: 102.02022 | G78: =VLOOKUP('Combined Data'!A:A,Table13[#All],4, FALSE) -> High income | H78: =VLOOKUP('Combined Data'!A:A,Table13[],3, FALSE) -> Europe & Central Asia | I78: B
A79: Greenland | G79: =VLOOKUP('Combined Data'!A:A,Table13[#All],4, FALSE) -> High income | H79: =VLOOKUP('Combined Data'!A:A,Table13[],3, FALSE) -> Europe & Central Asia | I79: C
A80: Grenada | C80: 99.260815 | F80: 110.59052 | G80: =VLOOKUP('Combined Data'!A:A,Table13[#All],4, FALSE) -> Upper middle income | H80: =VLOOKUP('Combined Data'!A:A,Table13[],3, FALSE) -> Latin America & Caribbean | I80: A
A81: Guam | G81: =VLOOKUP('Combined Data'!A:A,Table13[#All],4, FALSE) -> High income | H81: =VLOOKUP('Combined Data'!A:A,Table13[],3, FALSE) -> East Asia & Pacific | I81: B
A82: Guatemala | B82: 101.50029 | C82: 103.02649 | D82: 102.99828 | E82: 102.03223 | F82: 101.48883 | G82: =VLOOKUP('Combined Data'!A:A,Table13[#All],4, FALSE) -> Upper middle income | H82: =VLOOKUP('Combined Data'!A:A,Table13[],3, FALSE) -> Latin America & Caribbean | I82: C
A83: Guinea | B83: 100.47452 | G83: =VLOOKUP('Combined Data'!A:A,Table13[#All],4, FALSE) -> Lower middle income | H83: =VLOOKUP('Combined Data'!A:A,Table13[],3, FALSE) -> Sub-Saharan Africa | I83: A
A84: Guinea-Bissau | G84: =VLOOKUP('Combined Data'!A:A,Table13[#All],4, FALSE) -> Low income | H84: =VLOOKUP('Combined Data'!A:A,Table13[],3, FALSE) -> Sub-Saharan Africa | I84: B
A85: Guyana | B85: 96.356927 | C85: 96.397195 | E85: 94.446055 | F85: 97.553596 | G85: =VLOOKUP('Combined Data'!A:A,Table13[#All],4, FALSE) -> High income | H85: =VLOOKUP('Combined Data'!A:A,Table13[],3, FALSE) -> Latin America & Caribbean | I85: C
A86: Haiti | G86: =VLOOKUP('Combined Data'!A:A,Table13[#All],4, FALSE) -> Lower middle income | H86: =VLOOKUP('Combined Data'!A:A,Table13[],3, FALSE) -> Latin America & Caribbean | I86: A
A87: Honduras | B87: 83.655299 | C87: 80.893361 | D87: 82.293717 | E87: 82.547882 | F87: 78.969085 | G87: =VLOOKUP('Combined Data'!A:A,Table13[#All],4, FALSE) -> Lower middle income | H87: =VLOOKUP('Combined Data'!A:A,Table13[],3, FALSE) -> Latin America & Caribbean | I87: B
A88: Hong Kong SAR, China | B88: 105.12876 | C88: 106.03369 | D88: 103.02831 | F88: 103.15296 | G88: =VLOOKUP('Combined Data'!A:A,Table13[#All],4, FALSE) -> High income | H88: =VLOOKUP('Combined Data'!A:A,Table13[],3, FALSE) -> East Asia & Pacific | I88: C
A89: Hungary | B89: 97.174942 | C89: 101.45843 | D89: 103.47648 | E89: 103.57076 | G89: =VLOOKUP('Combined Data'!A:A,Table13[#All],4, FALSE) -> High income | H89: =VLOOKUP('Combined Data'!A:A,Table13[],3, FALSE) -> Europe & Central Asia | I89: A
A90: Iceland | B90: 98.556122 | C90: 98.567291 | D90: 98.511642 | E90: 98.221832 | G90: =VLOOKUP('Combined Data'!A:A,Table13[#All],4, FALSE) -> High income | H90: =VLOOKUP('Combined Data'!A:A,Table13[],3, FALSE) -> Europe & Central Asia | I90: B
A91: India | B91: 102.04142 | C91: 103.20201 | D91: 112.07396 | E91: 113.16458 | F91: 120.52037 | G91: =VLOOKUP('Combined Data'!A:A,Table13[#All],4, FALSE) -> Lower middle income | H91: =VLOOKUP('Combined Data'!A:A,Table13[],3, FALSE) -> South Asia | I91: C
A92: Indonesia | B92: 100.95193 | C92: 100.30967 | D92: 98.700873 | E92: 98.156628 | F92: 100.03632 | G92: =VLOOKUP('Combined Data'!A:A,Table13[#All],4, FALSE) -> Upper middle income | H92: =VLOOKUP('Combined Data'!A:A,Table13[],3, FALSE) -> East Asia & Pacific | I92: A
A93: Iran, Islamic Rep. | B93: 104.68013 | G93: =VLOOKUP('Combined Data'!A:A,Table13[#All],4, FALSE) -> Upper middle income | H93: =VLOOKUP('Combined Data'!A:A,Table13[],3, FALSE) -> Middle East, North Africa, Afghanistan & Pakistan | I93: B
A94: Iraq | G94: =VLOOKUP('Combined Data'!A:A,Table13[#All],4, FALSE) -> Upper middle income | H94: =VLOOKUP('Combined Data'!A:A,Table13[],3, FALSE) -> Middle East, North Africa, Afghanistan & Pakistan | I94: C
A95: Ireland | B95: 101.36881 | C95: 99.983849 | D95: 99.619942 | G95: =VLOOKUP('Combined Data'!A:A,Table13[#All],4, FALSE) -> High income | H95: =VLOOKUP('Combined Data'!A:A,Table13[],3, FALSE) -> Europe & Central Asia | I95: A
A96: Isle of Man | G96: =VLOOKUP('Combined Data'!A:A,Table13[#All],4, FALSE) -> High income | H96: =VLOOKUP('Combined Data'!A:A,Table13[],3, FALSE) -> Europe & Central Asia | I96: B
A97: Israel | B97: 96.374763 | C97: 96.248978 | D97: 96.312569 | E97: 96.485382 | G97: =VLOOKUP('Combined Data'!A:A,Table13[#All],4, FALSE) -> High income | H97: =VLOOKUP('Combined Data'!A:A,Table13[],3, FALSE) -> Middle East, North Africa, Afghanistan & Pakistan | I97: C
A98: Italy | B98: 102.63667 | C98: 101.08988 | D98: 101.56454 | E98: 103.56602 | G98: =VLOOKUP('Combined Data'!A:A,Table13[#All],4, FALSE) -> High income | H98: =VLOOKUP('Combined Data'!A:A,Table13[],3, FALSE) -> Europe & Central Asia | I98: A
A99: Jamaica | B99: 90.94944 | C99: 92.376123 | D99: 93.268183 | E99: 87.737545 | G99: =VLOOKUP('Combined Data'!A:A,Table13[#All],4, FALSE) -> Upper middle income | H99: =VLOOKUP('Combined Data'!A:A,Table13[],3, FALSE) -> Latin America & Caribbean | I99: B
A100: Japan | B100: 102.73683 | C100: 102.21832 | D100: 102.15871 | E100: 102.49642 | G100: =VLOOKUP('Combined Data'!A:A,Table13[#All],4, FALSE) -> High income | H100: =VLOOKUP('Combined Data'!A:A,Table13[],3, FALSE) -> East Asia & Pacific | I100: C
...

Sheet Region & Income Labels
A1: Economy | B1: Code | C1: Region | D1: Income group
A2: Afghanistan | B2: AFG | C2: Middle East, North Africa, Afghanistan & Pakistan | D2: Low income
A3: Albania | B3: ALB | C3: Europe & Central Asia | D3: Upper middle income
A4: Algeria | B4: DZA | C4: Middle East, North Africa, Afghanistan & Pakistan | D4: Upper middle income
A5: American Samoa | B5: ASM | C5: East Asia & Pacific | D5: High income
A6: Andorra | B6: AND | C6: Europe & Central Asia | D6: High income
A7: Angola | B7: AGO | C7: Sub-Saharan Africa | D7: Lower middle income
A8: Antigua and Barbuda | B8: ATG | C8: Latin America & Caribbean | D8: High income
A9: Argentina | B9: ARG | C9: Latin America & Caribbean | D9: Upper middle income
A10: Armenia | B10: ARM | C10: Europe & Central Asia | D10: Upper middle income
A11: Aruba | B11: ABW | C11: Latin America & Caribbean | D11: High income
A12: Australia | B12: AUS | C12: East Asia & Pacific | D12: High income
... A219: Zimbabwe | B219: ZWE | C219: Sub-Saharan Africa | D219: Lower middle income

Sheet Sheet1

Sheet Raw Data
A1: Data Source | B1: World Development Indicators
A2: Last Updated Date | B2: 46077
A4: Country Name | B4: Country Code | C4: Indicator Name | D4: Indicator Code | E4: 1960 | F4: 1961 | G4: 1962 | H4: 1963 | I4: 1964 | J4: 1965 | K4: 1966 | L4: 1967 | M4: 1968 | N4: 1969 | O4: 1970 | P4: 1971 | Q4: 1972 | R4: 1973 | S4: 1974 | T4: 1975 | U4: 1976 | V4: 1977 | W4: 1978 | X4: 1979 | Y4: 1980 | Z4: 1981 | AA4: 1982 | AB4: 1983 | AC4: 1984 | AD4: 1985 | AE4: 1986 | AF4: 1987 | AG4: 1988 | AH4: 1989 | AI4: 1990 | AJ4: 1991 | AK4: 1992 | AL4: 1993 | AM4: 1994 | AN4: 1995 | AO4: 1996 | AP4: 1997 | AQ4: 1998 | AR4: 1999 | AS4: 2000 | AT4: 2001 | AU4: 2002 | AV4: 2003 | AW4: 2004 | AX4: 2005 | AY4: 2006 | AZ4: 2007 | BA4: 2008 | BB4: 2009 | BC4: 2010 | BD4: 2011 | BE4: 2012 | BF4: 2013 | BG4: 2014 | BH4: 2015 | BI4: 2016 | BJ4: 2017 | BK4: 2018 | BL4: 2019 | BM4: 2020 | BN4: 2021 | BO4: 2022 | BP4: 2023 | BQ4: 2024 | BR4: 2025
A5: Aruba | B5: ABW | C5: School enrollment, primary (% gross) | D5: SE.PRM.ENRR | AT5: 110.34967 | AU5: 115.66945 | AV5: 115.985 | AW5: 117.21717 | AX5: 116.92904 | AY5: 117.98774 | AZ5: 116.97004 | BA5: 116.0139 | BB5: 117.52748 | BC5: 119.79584 | BD5: 106.37404 | BE5: 104.07494 | BF5: 114.98532 | BG5: 116.26199 | BH5: 115.01141 | BI5: 113.63746 | BK5: 107.98517 | BL5: 108.025 | BM5: 107.23534 | BN5: 108.59951 | BO5: 102.62073 | BQ5: 107.717
A6: Africa Eastern and Southern | B6: AFE | C6: School enrollment, primary (% gross) | D6: SE.PRM.ENRR | O6: 61.91256 | P6: 58.698681 | Q6: 59.447731 | R6: 60.60627 | S6: 64.000229 | T6: 66.272751 | U6: 67.754601 | V6: 69.59166 | W6: 70.676491 | X6: 73.460678 | Y6: 76.496948 | Z6: 78.203072 | AA6: 78.612877 | AB6: 78.332291 | AC6: 77.473579 | AD6: 75.094482 | AE6: 74.737312 | AF6: 73.19207 | AG6: 72.720177 | AH6: 74.400658 | AI6: 72.185226 | AJ6: 73.733093 | AK6: 72.365021 | AL6: 73.059418 | AM6: 73.05423 | AN6: 74.826309 | AO6: 74.57856 | AP6: 77.695381 | AQ6: 77.996162 | AR6: 76.959702 | AS6: 78.762817 | AT6: 81.484871 | AU6: 83.909821 | AV6: 87.523178 | AW6: 89.628197 | AX6: 92.893929 | AY6: 95.32148 | AZ6: 98.476608 | BA6: 102.1465 | BB6: 101.70464 | BC6: 101.0054 | BD6: 100.98524 | BE6: 101.24011 | BF6: 100.52919 | BG6: 100.93015 | BH6: 99.697533 | BI6: 100.34211 | BJ6: 101.22841 | BK6: 102.62481 | BL6: 103.61062 | BM6: 104.59194 | BN6: 103.36608 | BO6: 100.5083 | BP6: 100.85759 | BQ6: 101.30924
A7: Afghanistan | B7: AFG | C7: School enrollment, primary (% gross) | D7: SE.PRM.ENRR | O7: 31.651421 | P7: 32.539719 | Q7: 32.962872 | R7: 33.424519 | S7: 33.962811 | T7: 34.882488 | U7: 35.72823 | V7: 36.462799 | W7: 37.68219 | Y7: 43.810108 | Z7: 49.459789 | AA7: 20.136089 | AC7: 24.648439 | AD7: 25.13636 | AE7: 26.683241 | AG7: 34.07814 | AH7: 31.833389 | AI7: 30.98304 | AJ7: 31.605021 | AL7: 33.95525 | AM7: 44.788841 | AN7: 47.661442 | AQ7: 32.984329 | AR7: 26.290529 | AS7: 21.45785 | AT7: 22.13965 | AU7: 73.401314 | AV7: 95.335747 | AW7: 105.47505 | AX7: 99.503906 | AY7: 102.28487 | AZ7: 99.322899 | BA7: 104.44514 | BB7: 99.705421 | BC7: 103.4856 | BD7: 101.54208 | BE7: 106.57532 | BF7: 107.94284 | BG7: 109.82945 | BH7: 106.77355 | BI7: 106.78404 | BJ7: 106.54354 | BK7: 107.68766 | BL7: 109.07531
A8: Africa Western and Central | B8: AFW | C8: School enrollment, primary (% gross) | D8: SE.PRM.ENRR | O8: 43.072651 | P8: 44.670731 | Q8: 46.641609 | R8: 48.107719 | S8: 48.214981 | T8: 48.660488 | U8: 49.16127 | V8: 54.849289 | W8: 62.757591 | X8: 69.68129 | Y8: 72.748711 | Z8: 76.711792 | AA8: 81.487373 | AB8: 81.651688 | AC8: 80.76165 | AD8: 78.297211 | AE8: 72.141052 | AF8: 70.625893 | AG8: 68.955101 | AH8: 68.199654 | AI8: 69.515198 | AJ8: 69.671333 | AK8: 71.482918 | AL8: 73.716728 | AM8: 74.120529 | AN8: 72.753357 | AO8: 68.134697 | AP8: 71.773521 | AQ8: 74.614388 | AR8: 77.440147 | AS8: 80.579514 | AT8: 81.115791 | AU8: 82.838409 | AV8: 83.583672 | AW8: 85.46859 | AX8: 86.378983 | AY8: 87.106262 | AZ8: 84.385239 | BA8: 81.99086 | BB8: 83.719551 | BC8: 84.47847 | BD8: 87.822006 | BE8: 89.439651 | BF8: 90.58976 | BG8: 89.120697 | BH8: 87.096619 | BI8: 86.69799 | BJ8: 86.782539 | BK8: 86.652351 | BL8: 87.555557 | BM8: 88.157623 | BN8: 88.094856 | BO8: 89.501923 | BP8: 90.878036 | BQ8: 91.060989
A9: Angola | B9: AGO | C9: School enrollment, primary (% gross) | D9: SE.PRM.ENRR | P9: 62.55418 | Q9: 67.91169 | R9: 70.039902 | S9: 75.951172 | Y9: 159.81021 | Z9: 142.3615 | AA9: 133.38214 | AB9: 120.50052 | AC9: 105.08636 | AD9: 82.78463 | AE9: 89.222672 | AF9: 89.115807 | AG9: 87.219727 | AH9: 86.70517 | AI9: 81.085777 | AJ9: 73.899437 | AK9: 70.755379 | AQ9: 76.634407 | AZ9: 106.34145 | BA9: 113.29224 | BB9: 112.27895 | BC9: 113.87258 | BD9: 128.38634 | BH9: 120.58028 | BN9: 89.226609 | BP9: 86.735392
A10: Albania | B10: ALB | C10: School enrollment, primary (% gross) | D10: SE.PRM.ENRR | AU10: 110.33892 | AV10: 107.59826 | AW10: 104.13172 | AX10: 107.01614 | AY10: 105.47778 | AZ10: 103.48844 | BA10: 100.383 | BB10: 100.92374 | BC10: 99.861834 | BD10: 101.58027 | BE10: 102.06736 | BF10: 101.47495 | BG10: 105.77058 | BH10: 105.68865 | BI10: 105.32478 | BJ10: 105.41497 | BK10: 104.56802 | BL10: 102.58954 | BM10: 100.02097 | BN10: 97.107504 | BO10: 96.37123 | BP10: 93.713812 | BQ10: 111.51165
A11: Andorra | B11: AND | C11: School enrollment, primary (% gross) | D11: SE.PRM.ENRR | T11: 99.544418 | AB11: 103.19785 | AU11: 100.48924 | AV11: 102.44868 | AW11: 99.393944 | AX11: 90.05732 | AY11: 90.381813 | AZ11: 88.540001 | BA11: 87.037399 | BB11: 85.024712 | BC11: 84.944557 | BD11: 86.225731 | BE11: 83.518707 | BF11: 85.051224 | BG11: 87.026333 | BH11: 88.595745 | BI11: 91.041577 | BJ11: 90.203132 | BK11: 90.708893 | BL11: 90.323929 | BM11: 89.427127 | BN11: 89.737991 | BO11: 90.465681 | BP11: 97.444673 | BQ11: 99.857955
A12: Arab World | B12: ARB | C12: School enrollment, primary (% gross) | D12: SE.PRM.ENRR | O12: 74.427002 | P12: 69.901817 | Q12: 71.224442 | R12: 72.337883 | S12: 72.799438 | T12: 74.27697 | U12: 75.750687 | V12: 76.435722 | W12: 76.826927 | X12: 69.803329 | Y12: 79.137001 | Z12: 78.966667 | AA12: 79.61248 | AB12: 80.216377 | AC12: 80.979332 | AD12: 80.815536 | AE12: 81.515747 | AF12: 82.444794 | AG12: 83.111938 | AH12: 83.058083 | AI12: 84.048714 | AJ12: 84.737198 | AK12: 82.19648 | AL12: 82.703682 | AM12: 85.022362 | AN12: 83.728737 | AO12: 85.754333 | AP12: 86.556213 | AQ12: 86.87442 | AR12: 87.724426 | AS12: 88.103256 | AT12: 88.606911 | AU12: 89.503159 | AV12: 90.326881 | AW12: 90.533249 | AX12: 90.23719 | AY12: 91.525818 | AZ12: 91.225189 | BA12: 91.463692 | BB12: 91.379013 | BC12: 91.695457 | BD12: 90.811119 | BE12: 92.145576 | BF12: 88.686211 | BG12: 87.774139 | BH12: 87.707069 | BI12: 87.868698 | BJ12: 88.272118 | BK12: 88.761459 | BL12: 89.057938 | BM12: 89.643661 | BN12: 89.506943 | BO12: 88.10424 | BP12: 91.053581 | BQ12: 91.564072
A13: United Arab Emirates | B13: ARE | C13: School enrollment, primary (% gross) | D13: SE.PRM.ENRR | AT13: 122.86998 | AU13: 118.77543 | AV13: 117.25965 | AW13: 110.69412 | AX13: 105.71991 | AY13: 100.25807 | BK13: 105.67536 | BL13: 107.5332 | BM13: 108.0698 | BN13: 106.65283 | BO13: 107.28743 | BP13: 106.25995 | BQ13: 108.04442
A14: Argentina | B14: ARG | C14: School enrollment, primary (% gross) | D14: SE.PRM.ENRR | O14: 105.22676 | P14: 106.13772 | Q14: 105.92111 | R14: 105.96774 | S14: 106.92882 | T14: 106.59736 | U14: 106.32645 | V14: 107.21366 | W14: 106.62062 | X14: 106.77309 | Y14: 106.57263 | Z14: 107.0816 | AA14: 107.57271 | AC14: 106.79249 | AD14: 107.54973 | AE14: 109.18672 | AF14: 109.79135 | AG14: 110.07431 | AI14: 107.30618 | AJ14: 108.60846 | AM14: 111.17202 | AO14: 111.64399 | AP14: 108.67998 | AQ14: 113.21426 | AR14: 115.89082 | AS14: 116.5583 | AT14: 116.74934 | AU14: 116.87798 | AV14: 114.37532 | AW14: 115.44609 | AX14: 114.58078 | AY14: 116.18785 | AZ14: 117.23631 | BA14: 118.32013 | BB14: 118.29331 | BC14: 118.1282 | BD14: 117.37283 | BE14: 116.43644 | BF14: 114.42135 | BG14: 113.87352 | BH14: 112.93665 | BI14: 111.65465 | BJ14: 109.87967 | BK14: 109.30546 | BL14: 109.33822 | BM14: 108.50462 | BN14: 108.13962 | BO14: 106.75983 | BP14: 102.53524
A15: Armenia | B15: ARM | C15: School enrollment, primary (% gross) | D15: SE.PRM.ENRR | AJ15: 105.59847 | AK15: 97.804657 | AL15: 97.222939 | AM15: 87.24118 | AN15: 81.290977 | AO15: 81.190826 | AP15: 110.73694 | AQ15: 110.95382 | AR15: 117.94826 | AS15: 90.63472 | AT15: 100.95687 | AU15: 100.27549 | AV15: 102.08613 | AW15: 102.15129 | AX15: 100.40918 | AY15: 103.8967 | AZ15: 116.75225 | BA15: 117.70144 | BB15: 113.78272 | BC15: 100.98587 | BD15: 98.334904 | BE15: 97.088127 | BF15: 95.874293 | BG15: 94.41776 | BH15: 93.088059 | BI15: 93.1108 | BJ15: 93.098996 | BK15: 92.134501 | BL15: 92.322824 | BM15: 92.869262 | BN15: 94.63922 | BO15: 96.94543 | BP15: 98.089988 | BQ15: 101.99055
A16: American Samoa | B16: ASM | C16: School enrollment, primary (% gross) | D16: SE.PRM.ENRR | AA16: 98.151649 | AB16: 97.050903 | AC16: 99.848022 | AD16: 102.76733 | AE16: 100.62696 | AF16: 99.124481 | AG16: 99.1493 | AH16: 99.831772 | AI16: 100.71655 | AJ16: 95.050423 | AK16: 89.907631
A17: Antigua and Barbuda | B17: ATG | C17: School enrollment, primary (% gross) | D17: SE.PRM.ENRR | P17: 72.219322 | Q17: 90.211601 | S17: 90.488098 | T17: 91.181129 | U17: 99.867897 | V17: 101.47866 | W17: 99.715347 | X17: 98.882568 | AC17: 137.29366 | AK17: 104.46017 | AN17: 117.20935 | AS17: 135.14215 | AZ17: 116.4469 | BA17: 118.49954 | BB17: 117.93745 | BC17: 120.18368 | BD17: 117.19931 | BE17: 113.61957 | BF17: 113.24592 | BG17: 112.45992 | BH17: 110.39658 | BI17: 107.43266 | BJ17: 109.74291 | BK17: 112.74084 | BL17: 112.84758 | BO17: 121.56321 | BP17: 112.25541
A18: Australia | B18: AUS | C18: School enrollment, primary (% gross) | D18: SE.PRM.ENRR | AS18: 101.58354 | AT18: 101.43941 | AU18: 102.53451 | AV18: 102.85476 | AW18: 103.30206 | AX18: 103.39791 | AY18: 103.56256 | AZ18: 105.42298 | BA18: 105.24463 | BB18: 105.21563 | BC18: 105.4885 | BD18: 105.27488 | BE18: 105.66972 | BF18: 105.80258 | BG18: 105.4616 | BH18: 101.66549 | BI18: 101.18069 | BJ18: 100.63766 | BK18: 100.39871 | BL18: 100.1997 | BM18: 99.901108 | BN18: 99.929153 | BO18: 99.132988 | BP18: 99.365753
A19: Austria | B19: AUT | C19: School enrollment, primary (% gross) | D19: SE.PRM.ENRR | AS19: 101.86939 | AT19: 102.47102 | AU19: 102.81072 | AV19: 102.38444 | AW19: 102.73642 | AX19: 102.08749 | AY19: 102.3109 | AZ19: 102.77166 | BA19: 102.26627 | BB19: 101.36131 | BC19: 100.83554 | BD19: 100.55833 | BE19: 100.33511 | BF19: 100.74608 | BG19: 100.97032 | BH19: 101.10439 | BI19: 100.42808 | BJ19: 101.10457 | BK19: 101.3703 | BL19: 101.77629 | BM19: 101.56085 | BN19: 101.64412 | BO19: 100.77563 | BP19: 100.90287
A20: Azerbaijan | B20: AZE | C20: School enrollment, primary (% gross) | D20: SE.PRM.ENRR | AS20: 97.207489 | AT20: 98.861 | AU20: 98.349426 | AV20: 96.213242 | AW20: 97.26133 | AX20: 95.52697 | AY20: 94.21666 | AZ20: 94.771202 | BA20: 94.072472 | BB20: 95.068573 | BC20: 93.762303 | BD20: 95.573632 | BE20: 97.955307 | BF20: 100.50045 | BG20: 106.05989 | BH20: 106.60149 | BI20: 106.43174 | BJ20: 103.2941 | BK20: 99.722101 | BL20: 97.93535 | BM20: 98.236071 | BN20: 97.7305 | BO20: 99.808298 | BP20: 101.9797 | BQ20: 105.62502
A21: Burundi | B21: BDI | C21: School enrollment, primary (% gross) | D21: SE.PRM.ENRR | P21: 27.90254 | Q21: 26.96557 | R21: 23.57424 | S21: 21.316031 | T21: 21.16864 | U21: 20.641821 | V21: 20.343491 | W21: 21.43202 | X21: 21.410879 | Y21: 22.895029 | Z21: 24.66337 | AA21: 28.43924 | AB21: 34.856499 | AC21: 39.57576 | AD21: 43.895882 | AE21: 47.988079 | AF21: 54.013039 | AG21: 61.161221 | AH21: 62.256371 | AI21: 62.585892 | AJ21: 63.764801 | AK21: 61.289188 | AL21: 61.19281 | AN21: 47.974049 | AO21: 37.982491 | AP21: 39.926231 | AQ21: 48.11208 | AR21: 57.244591 | AS21: 59.236832 | AT21: 61.938251 | AU21: 68.637993 | AV21: 74.176964 | AW21: 79.25544 | AX21: 84.503593 | AY21: 107.59712 | AZ21: 120.35242 | BA21: 123.76885 | BB21: 131.40083 | BC21: 135.15973 | BD21: 135.99222 | BE21: 131.35714 | BF21: 126.11024 | BG21: 121.42411 | BH21: 116.22813 | BI21: 112.48212 | BJ21: 107.55418 | BK21: 104.25645 | BL21: 101.50612 | BM21: 101.66109
A22: Belgium | B22: BEL | C22: School enrollment, primary (% gross) | D22: SE.PRM.ENRR | AS22: 102.90737 | AT22: 103.4267 | AU22: 103.60533 | AV22: 103.77694 | AW22: 103.03942 | AX22: 103.11244 | AY22: 102.7934 | AZ22: 102.4513 | BA22: 102.26573 | BB22: 102.25946 | BC22: 102.23681 | BD22: 101.26989 | BE22: 101.52036 | BF22: 103.19106 | BG22: 103.10487 | BH22: 102.24383 | BI22: 102.05586 | BJ22: 102.75286 | BK22: 102.50037 | BL22: 102.14856 | BM22: 102.06427 | BN22: 101.82114 | BO22: 102.17699 | BP22: 102.10801
A23: Benin | B23: BEN | C23: School enrollment, primary (% gross) | D23: SE.PRM.ENRR | P23: 31.72821 | Q23: 34.342628 | R23: 37.819321 | S23: 36.482059 | T23: 42.47884 | U23: 43.9972 | V23: 46.04414 | W23: 46.982479 | X23: 52.693451 | Y23: 53.96759 | Z23: 55.72691 | AA23: 59.67836 | AB23: 61.373402 | AC23: 59.71888 | AD23: 60.004028 | AE23: 58.058781 | AF23: 58.28299 | AG23: 57.117512 | AH23: 56.424839 | AI23: 47.152031 | AJ23: 53.251968 | AK23: 56.132408 | AL23: 60.965271 | AM23: 61.338799 | AN23: 64.690361 | AO23: 66.987091 | AP23: 70.754082 | AQ23: 73.890343 | AR23: 74.323776 | AS23: 77.292801 | AT23: 84.478554 | AU23: 89.592957 | AV23: 93.192108 | AW23: 96.98716 | AX23: 94.214569 | AY23: 94.332542 | BA23: 106.48396 | BB23: 111.44181 | BC23: 112.79596 | BD23: 114.72313 | BE23: 118.54148 | BF23: 119.38309 | BG23: 119.67539 | BH23: 121.99088 | BI23: 120.30112 | BJ23: 116.29152 | BK23: 111.80507 | BL23: 106.7984 | BM23: 104.03317 | BN23: 105.6313 | BO23: 108.03624
A24: Burkina Faso | B24: BFA | C24: School enrollment, primary (% gross) | D24: SE.PRM.ENRR | P24: 12.48822 | Q24: 12.94747 | R24: 13.24613 | S24: 13.72241 | T24: 14.29943 | U24: 14.71908 | V24: 15.16676 | W24: 15.84464 | X24: 16.488819 | Y24: 17.3951 | Z24: 18.459829 | AA24: 19.912201 | AB24: 21.598339 | AC24: 23.05821 | AD24: 25.18334 | AE24: 27.17099 | AF24: 28.97295 | AG24: 29.39661 | AH24: 30.45841 | AI24: 31.33033 | AJ24: 32.286549 | AK24: 32.84063 | AL24: 33.778542 | AM24: 34.949631 | AN24: 36.812168 | AO24: 38.646118 | AQ24: 40.838322 | AR24: 41.91349 | AS24: 42.817532 | AT24: 44.338139 | AU24: 45.133091 | AV24: 47.53355 | AW24: 52.179089 | AX24: 56.698261 | AY24: 60.375 | AZ24: 65.889183 | BA24: 71.366219 | BB24: 75.785896 | BC24: 76.40553 | BD24: 79.732215 | BE24: 81.981743 | BF24: 83.289089 | BG24: 84.553872 | BH24: 85.148483 | BI24: 87.406526 | BJ24: 89.511833 | BK24: 91.501977 | BL24: 89.786156 | BM24: 87.698847 | BN24: 87.018335 | BO24: 82.256706 | BP24: 72.238595 | BQ24: 77.166593
A25: Bangladesh | B25: BGD | C25: School enrollment, primary (% gross) | D25: SE.PRM.ENRR | O25: 53.323582 | P25: 49.652821 | Q25: 62.130329 | R25: 73.660988 | S25: 71.537407 | T25: 75.48896 | U25: 76.747971 | V25: 71.06517 | W25: 68.655296 | X25: 66.493301 | Y25: 64.193008 | Z25: 62.352791 | AA25: 63.54652 | AB25: 64.535927 | AC25: 63.821449 | AD25: 62.442188 | AE25: 62.466541 | AF25: 61.75058 | AG25: 72.727242 | AH25: 72.561287 | AI25: 75.415443 | AX25: 96.386833 | AY25: 95.876602 | AZ25: 93.662354 | BA25: 90.378227 | BB25: 92.593674 | BC25: 94.776226 | BJ25: 105.12882 | BK25: 107.18996 | BM25: 110.06662 | BN25: 106.33485 | BO25: 107.80207 | BP25: 103.11642 | BQ25: 106.49131
A26: Bulgaria | B26: BGR | C26: School enrollment, primary (% gross) | D26: SE.PRM.ENRR | AS26: 104.70467 | AT26: 105.33926 | AU26: 109.64699 | AV26: 111.69449 | AW26: 111.75123 | AX26: 110.92043 | AY26: 108.82319 | AZ26: 106.10497 | BA26: 104.15756 | BB26: 102.06191 | BC26: 101.40062 | BD26: 101.12027 | BE26: 100.36308 | BF26: 98.791183 | BG26: 99.249611 | BH26: 99.12722 | BI26: 98.077164 | BJ26: 97.594299 | BK26: 96.79232 | BL26: 96.43988 | BM26: 96.543762 | BN26: 95.611099 | BO26: 95.888519 | BP26: 95.423218
A27: Bahrain | B27: BHR | C27: School enrollment, primary (% gross) | D27: SE.PRM.ENRR | P27: 96.471199 | Q27: 96.210739 | R27: 96.36692 | S27: 97.83329 | T27: 102.87098 | U27: 104.93847 | V27: 106.83907 | W27: 107.33798 | X27: 108.09131 | Y27: 105.53797 | Z27: 99.417259 | AA27: 96.484909 | AB27: 95.409721 | AC27: 99.9049 | AD27: 102.244 | AE27: 104.47571 | AF27: 105.05254 | AG27: 106.12534 | AH27: 106.07623 | AI27: 101.89785 | AJ27: 99.724472 | AK27: 93.733223 | AL27: 93.233917 | AM27: 93.227997 | AN27: 94.865173 | AO27: 95.098602 | AP27: 95.909668 | AQ27: 97.351227 | AR27: 99.076782 | AS27: 98.877892 | AT27: 98.286942 | AU27: 96.798347 | AV27: 95.426048 | AW27: 95.149788 | AX27: 95.147751 | AY27: 101.91746 | BD27: 96.119594 | BE27: 101.80322 | BF27: 107.46428 | BG27: 104.36951 | BH27: 100.23702 | BI27: 99.896859 | BJ27: 98.736176 | BK27: 96.838615 | BL27: 96.775414 | BO27: 96.992729 | BP27: 93.899895 | BQ27: 96.875248
A28: Bahamas, The | B28: BHS | C28: School enrollment, primary (% gross) | D28: SE.PRM.ENRR | P28: 105.07012 | Q28: 101.3131 | R28: 94.708221 | S28: 93.848129 | T28: 93.325691 | U28: 92.599518 | V28: 93.005913 | W28: 94.344856 | X28: 94.476631 | Y28: 94.725571 | Z28: 99.101112 | AA28: 100.07654 | AB28: 101.65251 | AC28: 96.566322 | AD28: 105.399 | AE28: 106.31797 | AI28: 107.14542 | AJ28: 106.29224 | AK28: 106.65005 | AL28: 106.74787 | AM28: 102.99951 | AN28: 100.29325 | AO28: 101.44295 | AP28: 96.49572 | AQ28: 94.310677 | AR28: 91.07576 | AU28: 89.142067 | AW28: 96.137962 | AX28: 101.07486 | AY28: 100.1366 | AZ28: 105.79987 | BA28: 107.28162 | BB28: 103.59838 | BC28: 102.48236 | BD28: 110.13575 | BE28: 103.67738 | BF28: 94.640444 | BG28: 94.388211 | BH28: 96.260665 | BI28: 90.411727 | BK28: 88.550077 | BL28: 91.937546 | BN28: 80.523712 | BP28: 78.393193 | BQ28: 92.856648
A29: Bosnia and Herzegovina | B29: BIH | C29: School enrollment, primary (% gross) | D29: SE.PRM.ENRR | AZ29: 108.79678 | BA29: 106.6224 | BB29: 108.09497 | BC29: 88.707077 | BD29: 89.098541 | BE29: 89.209419 | BF29: 89.486961 | BG29: 91.224442 | BH29: 94.695442 | BI29: 96.138634 | BJ29: 98.243599 | BK29: 99.716583 | BL29: 100.92971 | BM29: 100.26393 | BN29: 101.16862 | BO29: 101.60451 | BP29: 101.19488
A30: Belarus | B30: BLR | C30: School enrollment, primary (% gross) | D30: SE.PRM.ENRR | P30: 100.96624 | Q30: 100.88868 | R30: 101.29212 | S30: 100.58491 | T30: 100.61113 | U30: 100.18431 | V30: 100.20007 | W30: 99.57019 | X30: 99.868973 | Y30: 101.33921 | Z30: 103.46784 | AA30: 104.61338 | AB30: 105.93339 | AC30: 107.18002 | AD30: 108.23942 | AE30: 108.55483 | AF30: 94.073471 | AG30: 94.191383 | AH30: 93.62056 | AI30: 92.722763 | AJ30: 94.512932 | AK30: 93.857697 | AL30: 94.065903 | AM30: 95.176392 | AN30: 95.750008 | AO30: 96.649902 | AP30: 99.767418 | AQ30: 103.21465 | AR30: 115.26726 | AS30: 117.42114 | AT30: 117.49288 | AU30: 114.62126 | AV30: 105.36563 | AW30: 103.97982 | AX30: 102.12633 | AY30: 101.28292 | AZ30: 99.837334 | BA30: 99.810188 | BB30: 100.75684 | BC30: 100.77881 | BD30: 100.9274 | BE30: 100.10358 | BF30: 99.402413 | BG30: 98.81963 | BH30: 98.472478 | BI30: 99.41656 | BJ30: 98.991135 | BK30: 98.226083 | BL30: 97.049427 | BM30: 95.525015 | BN30: 95.526644 | BO30: 95.430715 | BP30: 95.218363 | BQ30: 96.822403
A31: Belize | B31: BLZ | C31: School enrollment, primary (% gross) | D31: SE.PRM.ENRR | P31: 104.91077 | Q31: 103.32143 | R31: 104.14122 | S31: 105.60199 | U31: 109.34706 | V31: 114.56327 | W31: 118.8495 | Y31: 124.71535 | Z31: 122.21396 | AA31: 119.09053 | AB31: 115.42273 | AC31: 116.01378 | AD31: 112.64811 | AE31: 106.14906 | AF31: 107.26997 | AG31: 107.739 | AH31: 108.36321 | AI31: 111.60569 | AJ31: 114.84361 | AK31: 115.69354 | AL31: 117.5871 | AM31: 119.99645 | AN31: 120.45071 | AO31: 121.86209 | AP31: 118.85589 | AR31: 116.88449 | AS31: 117.03468 | AT31: 117.08415 | AU31: 113.59685 | AV31: 118.81106 | AW31: 120.60257 | AX31: 120.29735 | AY31: 119.86639 | AZ31: 117.77334 | BA31: 115.30393 | BB31: 114.54534 | BC31: 112.94648 | BD31: 112.27592 | BE31: 115.22258 | BF31: 113.52408 | BG31: 112.82886 | BH31: 113.60255 | BI31: 116.08402 | BJ31: 115.62998 | BK31: 114.90527 | BL31: 114.45835 | BM31: 112.25143 | BN31: 107.33727 | BO31: 101.53137 | BP31: 97.787446 | BQ31: 96.481925
A32: Bermuda | B32: BMU | C32: School enrollment, primary (% gross) | D32: SE.PRM.ENRR | P32: 105.43966 | Q32: 103.63734 | R32: 100.99659 | S32: 100.57391 | T32: 99.697411 | U32: 101.64228 | V32: 103.26308 | W32: 104.76345 | X32: 99.300346 | Y32: 101.76811 | Z32: 102.31034 | AA32: 103.01279 | AB32: 102.80708 | AC32: 101.11538 | AD32: 101.12402 | AN32: 107.69509 | AP32: 120.33136 | AT32: 103.5498 | AU32: 102.93501 | AV32: 103.23741 | AW32: 102.27514 | AX32: 100.93299 | AY32: 99.383904 | BC32: 106.17137 | BD32: 103.87097 | BE32: 101.2488 | BF32: 99.565224 | BG32: 100.56414 | BH32: 102.67393 | BP32: 92.85125
A33: Bolivia | B33: BOL | C33: School enrollment, primary (% gross) | D33: SE.PRM.ENRR | AS33: 119.13207 | AT33: 118.06078 | AU33: 118.54347 | AV33: 116.67719 | AW33: 115.95581 | AX33: 115.19937 | AY33: 113.56164 | AZ33: 112.76772 | BA33: 111.65006 | BB33: 108.03124 | BC33: 104.39637 | BD33: 100.92185 | BE33: 98.312925 | BF33: 96.890474 | BG33: 95.46547 | BH33: 95.096194 | BI33: 95.538766 | BJ33: 96.447504 | BK33: 97.122722 | BL33: 97.671474 | BM33: 98.236949 | BN33: 98.469423 | BO33: 99.196088 | BP33: 98.572689
A34: Brazil | B34: BRA | C34: School enrollment, primary (% gross) | D34: SE.PRM.ENRR | BE34: 104.78223 | BF34: 109.94514 | BG34: 110.31647 | BH34: 109.15219 | BI34: 108.75784 | BJ34: 109.80851 | BK34: 108.62329 | BL34: 107.40748 | BM34: 105.4982 | BN34: 103.47168 | BO34: 103.97032
A35: Barbados | B35: BRB | C35: School enrollment, primary (% gross) | D35: SE.PRM.ENRR | P35: 104.10206 | Q35: 101.11129 | R35: 99.714813 | S35: 94.144913 | T35: 96.568703 | U35: 96.202682 | V35: 102.05375 | W35: 106.0725 | X35: 108.54916 | Y35: 101.67295 | Z35: 104.03487 | AA35: 105.29779 | AB35: 107.58564 | AC35: 114.92154 | AD35: 115.78563 | AH35: 117.50407 | AI35: 112.13527 | AK35: 106.88314 | AR35: 103.17533 | AS35: 102.61624 | AT35: 104.4226 | AU35: 103.54535 | AV35: 104.48761 | AW35: 102.36578 | AX35: 101.59361 | AY35: 101.27604 | AZ35: 100.21299 | BA35: 100.4705 | BB35: 99.802391 | BC35: 100.02649 | BD35: 100.60788 | BG35: 96.433452 | BH35: 95.405183 | BI35: 95.319325 | BJ35: 94.366002 | BK35: 94.472221 | BL35: 94.756144 | BM35: 94.513483 | BN35: 92.770903 | BO35: 90.187532 | BP35: 88.007569 | BQ35: 83.937024
A36: Brunei Darussalam | B36: BRN | C36: School enrollment, primary (% gross) | D36: SE.PRM.ENRR | O36: 121.09825 | P36: 129.26427 | Q36: 131.94438 | R36: 129.27238 | S36: 126.88594 | T36: 122.56371 | U36: 123.97539 | V36: 127.77072 | W36: 128.99236 | X36: 114.10818 | Y36: 113.63823 | Z36: 114.92164 | AA36: 111.80435 | AB36: 113.70134 | AC36: 117.11015 | AD36: 117.04488 | AE36: 122.95289 | AF36: 121.58926 | AG36: 123.29821 | AH36: 125.86278 | AJ36: 116.41947 | AK36: 114.44106 | AL36: 115.30526 | AM36: 115.40352 | AN36: 113.28749 | AO36: 111.85438 | AP36: 110.2139 | AQ36: 113.10862 | AR36: 113.26215 | AS36: 112.03788 | AT36: 110.13542 | AU36: 112.11531 | AV36: 116.92627 | AW36: 119.10534 | AX36: 119.84476 | AY36: 121.50597 | AZ36: 122.32126 | BA36: 116.78313 | BB36: 112.53243 | BC36: 108.70581 | BD36: 104.83089 | BE36: 103.31054 | BF36: 103.89514 | BG36: 103.84771 | BH36: 104.18579 | BI36: 105.72638 | BJ36: 104.56705 | BK36: 104.18 | BL36: 103.03301 | BM36: 102.70963 | BN36: 101.38793 | BO36: 99.134913 | BP36: 96.929219
A37: Bhutan | B37: BTN | C37: School enrollment, primary (% gross) | D37: SE.PRM.ENRR | O37: 19.81324 | P37: 19.724569 | Q37: 21.125071 | S37: 24.19812 | U37: 29.1166 | V37: 31.609091 | W37: 31.65794 | X37: 35.20871 | Y37: 44.750938 | Z37: 49.71954 | AA37: 51.96804 | AB37: 55.396809 | AC37: 57.145988 | AD37: 56.505718 | AE37: 51.898811 | AF37: 52.609829 | AG37: 54.16198 | AJ37: 46.436699 | AK37: 45.327579 | AL37: 54.506611 | AM37: 57.220531 | AN37: 62.32299 | AO37: 68.279449 | AP37: 71.668808 | AQ37: 73.822731 | AR37: 75.681221 | AS37: 77.863182 | AT37: 79.749008 | AU37: 81.868843 | AV37: 84.878433 | AW37: 88.83564 | AX37: 92.443398 | AY37: 97.06134 | AZ37: 101.10329 | BA37: 104.53305 | BB37: 109.00988 | BC37: 111.97585 | BD37: 113.56677 | BE37: 113.01961 | BF37: 106.84125 | BG37: 104.71958 | BH37: 103.0995 | BI37: 101.32402 | BJ37: 99.744772 | BK37: 99.306025 | BL37: 97.989927 | BM37: 103.82601 | BN37: 105.46105 | BO37: 105.26615 | BP37: 106.6874 | BQ37: 114.88112
A38: Botswana | B38: BWA | C38: School enrollment, primary (% gross) | D38: SE.PRM.ENRR | O38: 68.610298 | P38: 64.043167 | Q38: 64.674583 | R38: 70.551872 | S38: 73.8041 | T38: 79.891869 | U38: 83.085571 | V38: 87.399651 | W38: 89.1987 | X38: 91.663551 | Y38: 96.254822 | Z38: 100.53057 | AA38: 101.36552 | AB38: 103.1658 | AC38: 104.72106 | AD38: 107.17562 | AE38: 107.8474 | AF38: 108.05284 | AG38: 108.38635 | AH38: 110.05506 | AI38: 109.42001 | AJ38: 111.72171 | AK38: 109.23182 | AL38: 107.7725 | AM38: 107.28808 | AN38: 106.1337 | AO38: 106.94653 | AP38: 107.54993 | AQ38: 106.83962 | AR38: 107.01438 | AS38: 107.46958 | AT38: 108.97391 | AU38: 109.58321 | AV38: 110.27052 | AW38: 110.61521 | AX38: 111.46208 | AY38: 112.33057 | AZ38: 111.43966 | BA38: 110.97836 | BB38: 111.21366 | BE38: 107.41198 | BF38: 105.31556 | BG38: 101.61661 | BH38: 101.62335 | BN38: 104.61998 | BO38: 109.27326
A39: Central African Republic | B39: CAF | C39: School enrollment, primary (% gross) | D39: SE.PRM.ENRR | P39: 53.77951 | Q39: 52.870972 | R39: 56.12878 | S39: 56.41396 | T39: 58.968601 | U39: 58.724998 | V39: 61.303452 | W39: 61.659821 | X39: 61.695389 | Y39: 62.12616 | Z39: 62.955429 | AA39: 66.819687 | AB39: 70.024231 | AC39: 75.164032 | AD39: 78.857872 | AE39: 78.170891 | AF39: 67.70253 | AG39: 68.614754 | AH39: 68.738358 | AI39: 71.357773 | AJ39: 64.965141 | AK39: 56.024818 | AT39: 68.312767 | AU39: 60.431149 | AV39: 59.68718 | AW39: 51.28706 | AX39: 57.085091 | AY39: 56.701031 | AZ39: 65.553459 | BA39: 75.850349 | BB39: 77.429916 | BC39: 81.278954 | BD39: 81.350403 | BE39: 81.931503 | BI39: 96.812599
A40: Canada | B40: CAN | C40: School enrollment, primary (% gross) | D40: SE.PRM.ENRR | AS40: 99.417763 | AW40: 99.440742 | AX40: 98.598061 | AY40: 99.769531 | AZ40: 99.541481 | BA40: 98.608093 | BB40: 99.607338 | BC40: 99.134369 | BD40: 98.562599 | BE40: 99.490753 | BF40: 99.38678 | BG40: 99.525291 | BH40: 99.86026 | BI40: 98.550041 | BJ40: 98.63224 | BK40: 98.661781 | BL40: 97.187553 | BM40: 96.908974 | BN40: 95.229622 | BO40: 94.74498 | BP40: 94.952339
A41: Central Europe and the Baltics | B41: CEB | C41: School enrollment, primary (% gross) | D41: SE.PRM.ENRR | AR41: 105.80946 | AS41: 101.96642 | AT41: 102.44714 | AU41: 102.62234 | AV41: 102.35455 | AW41: 102.43007 | AX41: 101.76203 | AY41: 101.20799 | AZ41: 100.40537 | BA41: 99.522758 | BB41: 99.586281 | BC41: 99.603477 | BD41: 99.444283 | BE41: 99.617432 | BF41: 98.521156 | BG41: 97.75206 | BH41: 96.900223 | BI41: 96.173637 | BJ41: 95.955978 | BK41: 95.326233 | BL41: 95.89537 | BM41: 91.684464 | BN41: 96.93364 | BO41: 97.046539 | BP41: 98.630661 | BQ41: 98.630653
A42: Switzerland | B42: CHE | C42: School enrollment, primary (% gross) | D42: SE.PRM.ENRR | AS42: 104.15279 | AT42: 103.60617 | AU42: 104.00148 | AV42: 104.15753 | AW42: 104.15287 | AX42: 103.9191 | AY42: 104.12382 | AZ42: 103.95655 | BA42: 104.08766 | BB42: 103.63485 | BC42: 103.39291 | BD42: 102.48218 | BE42: 102.13064 | BF42: 102.43776 | BG42: 102.47082 | BH42: 102.15593 | BI42: 101.90253 | BJ42: 101.83333 | BK42: 101.83724 | BL42: 101.59305 | BM42: 101.73171 | BN42: 101.47824 | BO42: 101.36307 | BP42: 102.28296
A43: Channel Islands | B43: CHI | C43: School enrollment, primary (% gross) | D43: SE.PRM.ENRR
A44: Chile | B44: CHL | C44: School enrollment, primary (% gross) | D44: SE.PRM.ENRR | AS44: 101.36356 | AU44: 101.28697 | AV44: 101.06179 | AW44: 105.62788 | AX44: 105.3505 | AY44: 105.66822 | AZ44: 106.51728 | BA44: 106.87387 | BB44: 105.76389 | BC44: 103.21937 | BD44: 103.17049 | BE44: 103.36978 | BF44: 102.0849 | BG44: 101.93087 | BH44: 101.71251 | BI44: 101.58519 | BJ44: 101.39628 | BK44: 101.53802 | BL44: 101.19321 | BM44: 99.704399 | BN44: 99.365227 | BO44: 100.19227 | BP44: 100.31838
A45: China | B45: CHN | C45: School enrollment, primary (% gross) | D45: SE.PRM.ENRR | O45: 120.78446 | P45: 112.4238 | Q45: 107.2208 | R45: 108.24178 | S45: 106.41698 | T45: 112.45611 | U45: 117.81341 | V45: 115.72547 | W45: 110.9613 | X45: 109.98705 | Y45: 108.83652 | Z45: 110.79732 | AA45: 111.92005 | AB45: 115.19058 | AC45: 118.01406 | AD45: 125.35095 | AE45: 131.11882 | AF45: 133.96646 | AG45: 131.62074 | AH45: 127.48476 | AI45: 120.85244 | AJ45: 117.76072 | AK45: 114.98574 | AL45: 112.70161 | AM45: 111.16952 | AN45: 111.64446 | AO45: 110.50991 | AP45: 110.20072 | AQ45: 109.90236 | AT45: 115.7301 | AY45: 105.24381 | AZ45: 105.43895 | BA45: 106.20178 | BB45: 105.59065 | BC45: 104.1817 | BD45: 103.32957 | BE45: 103.18112 | BF45: 101.23198 | BG45: 96.896383 | BH45: 96.340011 | BI45: 96.878792 | BJ45: 97.537988 | BK45: 97.810305 | BL45: 97.817491 | BM45: 98.786063 | BN45: 99.229456 | BO45: 100.09807 | BP45: 99.171863 | BQ45: 99.644963
A46: Cote d'Ivoire | B46: CIV | C46: School enrollment, primary (% gross) | D46: SE.PRM.ENRR | O46: 55.092098 | P46: 56.788631 | Q46: 56.752449 | R46: 58.140369 | S46: 59.349171 | T46: 59.934872 | U46: 60.029949 | V46: 62.668522 | W46: 65.809242 | X46: 68.691078 | Y46: 70.038559 | Z46: 71.318893 | AA46: 71.605637 | AB46: 71.009232 | AC46: 69.040756 | AD46: 67.147011 | AE46: 66.328369 | AF46: 65.747421 | AG46: 66.172127 | AH46: 66.68174 | AI46: 66.247589 | AJ46: 64.164352 | AK46: 63.168678 | AL46: 61.47226 | AM46: 62.794128 | AN46: 62.768539 | AO46: 62.557961 | AP46: 63.109169 | AQ46: 63.544552 | AR46: 65.067467 | AS46: 64.529488 | AT46: 66.335121 | AU46: 66.868591 | AV46: 63.023918 | AY46: 59.55505 | AZ46: 59.463112 | BA46: 62.300468 | BB46: 63.079281 | BD46: 73.564164 | BE46: 78.286059 | BF46: 80.749846 | BG46: 83.749103 | BH46: 85.262804 | BI46: 87.969185 | BJ46: 88.205201 | BK46: 88.21094 | BL46: 88.474767 | BM46: 88.62666 | BN46: 85.830089 | BO46: 86.454584 | BP46: 91.809341 | BQ46: 93.296437
A47: Cameroon | B47: CMR | C47: School enrollment, primary (% gross) | D47: SE.PRM.ENRR | P47: 92.320999 | Q47: 90.394897 | R47: 91.240517 | S47: 92.568741 | T47: 94.65242 | U47: 95.300491 | V47: 93.62162 | W47: 94.495956 | X47: 94.82798 | Y47: 94.991043 | Z47: 96.941833 | AA47: 98.088608 | AB47: 101.12026 | AC47: 99.665352 | AD47: 100.75205 | AE47: 101.62141 | AF47: 103.3905 | AG47: 104.08134 | AH47: 100.64859 | AI47: 100.78503 | AJ47: 98.5979 | AK47: 93.253036 | AM47: 86.864998 | AN47: 84.828011 | AO47: 77.747307 | AP47: 81.400558 | AQ47: 83.596764 | AR47: 86.172501 | AS47: 88.488953 | AT47: 104.27831 | AU47: 104.31628 | AV47: 104.62637 | AW47: 109.46471 | AX47: 107.31694 | AY47: 105.71222 | AZ47: 107.51403 | BA47: 107.60605 | BB47: 109.50219 | BC47: 111.23471 | BD47: 110.01915 | BE47: 114.35423 | BG47: 115.3042 | BH47: 117.75357 | BI47: 117.17304 | BJ47: 111.22139 | BK47: 104.3342 | BL47: 106.7548 | BN47: 110.10779 | BO47: 112.49464 | BP47: 114.42483 | BQ47: 114.40728
A48: Congo, Dem. Rep. | B48: COD | C48: School enrollment, primary (% gross) | D48: SE.PRM.ENRR | P48: 96.677017 | Q48: 96.237991 | R48: 96.176712 | S48: 94.892769 | T48: 93.467003 | U48: 93.408142 | V48: 92.974876 | W48: 93.714172 | X48: 93.97242 | Y48: 94.426041 | Z48: 95.063347 | AA48: 95.803268 | AB48: 96.60495 | AC48: 97.454231 | AD48: 92.222092 | AE48: 92.068817 | AF48: 79.704369 | AG48: 80.82972 | AI48: 59.328461 | AJ48: 75.938858 | AK48: 74.083153 | AL48: 75.12075 | AM48: 73.318611 | AN48: 77.15094 | AQ48: 62.341621 | AR48: 50.256229 | AU48: 61.0336 | AZ48: 83.549423 | BA48: 91.886948 | BB48: 91.9077 | BC48: 92.086098 | BD48: 93.522392 | BE48: 98.24398 | BF48: 99.912903 | BG48: 103.85772 | BH48: 102.05651 | BK48: 111.48867 | BM48: 115.89829 | BN48: 120.06845 | BP48: 117.6021
A49: Congo, Rep. | B49: COG | C49: School enrollment, primary (% gross) | D49: SE.PRM.ENRR | P49: 103.4866 | Q49: 108.76968 | R49: 111.13497 | S49: 113.30537 | T49: 114.40734 | U49: 114.84319 | V49: 115.1186 | W49: 116.91448 | X49: 118.04727 | Y49: 123.09715 | Z49: 122.86027 | AA49: 125.18501 | AB49: 127.23985 | AC49: 130.24387 | AD49: 131.03792 | AE49: 132.58792 | AF49: 135.69974 | AG49: 130.83669 | AH49: 129.38896 | AI49: 126.3684 | AJ49: 123.64147 | AK49: 119.88029 | AL49: 121.37488 | AM49: 116.69654 | AN49: 116.2311 | AO49: 108.31865 | AP49: 106.23792 | AQ49: 89.010582 | AR49: 56.18557 | AS49: 83.168701 | AT49: 96.804558 | AU49: 99.140373 | AV49: 94.045242 | AW49: 105.24638 | AX49: 105.24494 | AY49: 106.36948 | AZ49: 104.983 | BA49: 103.22724 | BB49: 107.3012 | BC49: 109.02365 | BD49: 108.5051 | BE49: 105.51423 | BK49: 87.462112 | BP49: 87.880241
A50: Colombia | B50: COL | C50: School enrollment, primary (% gross) | D50: SE.PRM.ENRR | AS50: 124.29829 | AT50: 121.08879 | AU50: 121.77886 | AW50: 122.84008 | AX50: 124.04064 | AY50: 124.61949 | AZ50: 125.46886 | BA50: 126.4839 | BB50: 128.16498 | BC50: 124.37514 | BD50: 121.83128 | BE50: 118.63997 | BF50: 119.08473 | BG50: 116.0801 | BH50: 115.49708 | BI50: 115.44315 | BJ50: 113.30538 | BK50: 111.69918 | BL50: 109.35551 | BM50: 107.08369 | BN50: 106.48836 | BO50: 104.83047
A51: Comoros | B51: COM | C51: School enrollment, primary (% gross) | D51: SE.PRM.ENRR | P51: 35.34483 | Q51: 35.266418 | R51: 43.792789 | S51: 48.702332 | T51: 57.855148 | U51: 69.736382 | V51: 79.512459 | X51: 87.951958 | Z51: 99.84449 | AB51: 98.176041 | AC51: 96.435753 | AD51: 94.451103 | AE51: 97.401512 | AF51: 89.2276 | AG51: 89.668404 | AH51: 88.920769 | AI51: 87.966751 | AJ51: 91.423119 | AK51: 95.920853 | AL51: 90.474258 | AM51: 92.075569 | AO51: 86.911339 | AQ51: 89.949791 | AR51: 82.520813 | AS51: 93.009903 | AU51: 102.24846 | AV51: 100.249 | AW51: 97.923782 | AZ51: 96.80909 | BA51: 103.06367 | BD51: 111.27509 | BF51: 115.58347 | BG51: 113.57984 | BJ51: 106.2193 | BK51: 107.06192 | BN51: 86.817528 | BQ51: 97.004919
A52: Cabo Verde | B52: CPV | C52: School enrollment, primary (% gross) | D52: SE.PRM.ENRR | P52: 55.941311 | Q52: 69.279846 | R52: 87.195686 | S52: 100.39203 | T52: 106.30057 | U52: 127.70562 | V52: 115.63769 | W52: 110.7702 | X52: 106.55545 | Y52: 102.76402 | Z52: 100.90414 | AA52: 98.393066 | AB52: 92.052467 | AC52: 96.568626 | AD52: 97.62532 | AE52: 98.896759 | AF52: 101.80706 | AG52: 104.60602 | AH52: 107.43078 | AI52: 109.38721 | AJ52: 109.91957 | AM52: 113.44052 | AQ52: 117.61306 | AR52: 117.62395 | AS52: 116.19644 | AT52: 115.44879 | AU52: 115.54415 | AV52: 114.57284 | AW52: 112.93459 | AX52: 112.19192 | AY52: 112.30107 | AZ52: 110.92795 | BA52: 109.96944 | BB52: 108.62046 | BC52: 107.55553 | BD52: 107.47831 | BE52: 108.38814 | BF52: 108.02074 | BG52: 107.53603 | BH52: 105.85044 | BI52: 104.43385 | BJ52: 104.15402 | BK52: 105.84561 | BL52: 105.20867 | BM52: 103.42828 | BN52: 103.02597 | BO52: 102.97301
A53: Costa Rica | B53: CRI | C53: School enrollment, primary (% gross) | D53: SE.PRM.ENRR | AS53: 105.32483 | AT53: 105.53548 | AU53: 105.31733 | AW53: 109.1498 | AX53: 107.09986 | AY53: 108.81265 | AZ53: 108.19234 | BA53: 109.62197 | BB53: 110.9649 | BC53: 109.92635 | BD53: 108.69172 | BE53: 107.54409 | BF53: 105.42814 | BG53: 104.00788 | BH53: 103.75465 | BI53: 104.59992 | BJ53: 103.21517 | BK53: 105.51352 | BL53: 108.82887 | BM53: 108.29365 | BN53: 107.19037 | BO53: 106.19713 | BP53: 106.15662
A54: Caribbean small states | B54: CSS | C54: School enrollment, primary (% gross) | D54: SE.PRM.ENRR | O54: 109.60176 | P54: 109.58692 | Q54: 110.94592 | R54: 109.29474 | S54: 110.04374 | T54: 106.67254 | U54: 106.1835 | V54: 108.1724 | W54: 107.9431 | X54: 107.60142 | Y54: 105.27882 | Z54: 104.20767 | AA54: 105.44905 | AB54: 105.63061 | AC54: 104.52722 | AD54: 103.95005 | AE54: 102.67676 | AF54: 102.96493 | AG54: 102.66867 | AH54: 104.02905 | AI54: 102.46528 | AJ54: 101.44402 | AK54: 101.79414 | AL54: 101.87763 | AM54: 102.45153 | AN54: 101.69499 | AO54: 100.88693 | AP54: 100.28871 | AQ54: 99.550819 | AR54: 98.139587 | AS54: 98.609138 | AT54: 97.726051 | AU54: 96.475822 | AV54: 96.903236 | AW54: 98.415863 | AX54: 98.631119 | AY54: 98.763397 | AZ54: 98.606247 | BA54: 101.4592 | BB54: 102.05213 | BC54: 101.14836 | BD54: 101.95808 | BE54: 101.86783 | BF54: 101.05243 | BG54: 99.74971 | BH54: 99.715652 | BI54: 99.331482 | BJ54: 98.68222 | BK54: 99.696579 | BL54: 98.578918 | BM54: 97.162247 | BN54: 96.268837 | BO54: 95.414551 | BP54: 93.223778 | BQ54: 94.041283
A55: Cuba | B55: CUB | C55: School enrollment, primary (% gross) | D55: SE.PRM.ENRR | P55: 114.80595 | Q55: 117.97473 | R55: 121.71652 | S55: 122.31607 | T55: 122.38605 | U55: 121.76596 | V55: 118.89924 | W55: 116.08958 | X55: 112.83127 | Y55: 109.468 | Z55: 106.38928 | AA55: 106.17539 | AB55: 108.1644 | AC55: 108.72447 | AD55: 107.23072 | AE55: 106.24869 | AF55: 106.09935 | AG55: 105.72371 | AH55: 103.9791 | AI55: 102.3171 | AJ55: 101.07538 | AK55: 101.66854 | AL55: 100.66868 | AM55: 100.57782 | AN55: 100.10768 | AO55: 104.42478 | AP55: 104.78259 | AQ55: 103.53415 | AR55: 104.17294 | AS55: 103.83696 | AT55: 103.53817 | AU55: 104.04232 | AV55: 102.91013 | AW55: 103.29079 | AX55: 103.21984 | AY55: 102.97646 | AZ55: 102.08391 | BA55: 100.84722 | BB55: 101.11939 | BC55: 100.71609 | BD55: 100.29059 | BE55: 100.82891 | BF55: 100.7216 | BG55: 103.05633 | BH55: 103.19322 | BI55: 101.07589 | BJ55: 100.56163 | BK55: 100.34338 | BL55: 100.80255 | BM55: 101.31743 | BN55: 101.30292 | BO55: 100.5802 | BP55: 99.328173 | BQ55: 98.109219
A56: Curacao | B56: CUW | C56: School enrollment, primary (% gross) | D56: SE.PRM.ENRR | BF56: 175.82158 | BM56: 113.35088 | BP56: 109.16814
A57: Cayman Islands | B57: CYM | C57: School enrollment, primary (% gross) | D57: SE.PRM.ENRR | Q57: 94.967819 | R57: 97.344109 | S57: 109.64813 | T57: 106.03689 | U57: 104.82646 | V57: 116.71891 | W57: 106.27213 | X57: 103.98622 | Y57: 101.73661 | Z57: 101.23987 | AR57: 106.66887 | AS57: 108.01887 | AT57: 108.13528 | AU57: 107.18778 | AW57: 99.555687 | AX57: 95.659882 | AY57: 99.568466 | AZ57: 103.57742 | BA57: 102.49657 | BD57: 103.91134 | BE57: 103.27785 | BF57: 98.675993 | BK57: 92.075391 | BL57: 94.321093 | BM57: 97.65238 | BN57: 95.47849 | BO57: 98.38567 | BP57: 101.44124 | BQ57: 95.736691
A58: Cyprus | B58: CYP | C58: School enrollment, primary (% gross) | D58: SE.PRM.ENRR | AS58: 96.731354 | AT58: 96.649612 | AU58: 97.773453 | AV58: 97.388229 | AW58: 97.198868 | AX58: 99.871178 | AY58: 100.88705 | AZ58: 100.68827 | BA58: 101.21351 | BB58: 102.17948 | BC58: 101.62433 | BD58: 101.20054 | BE58: 100.17535 | BF58: 99.761978 | BG58: 99.152718 | BH58: 99.300117 | BI58: 98.545509 | BJ58: 99.306686 | BK58: 99.795441 | BL58: 100.4777 | BM58: 100.73516 | BN58: 99.102814 | BO58: 97.00164 | BP58: 98.591827
A59: Czechia | B59: CZE | C59: School enrollment, primary (% gross) | D59: SE.PRM.ENRR | AS59: 103.40755 | AT59: 104.46963 | AU59: 106.00506 | AV59: 106.40998 | AW59: 106.52911 | AX59: 106.73778 | AY59: 104.37278 | AZ59: 103.38211 | BA59: 102.21477 | BB59: 101.47893 | BC59: 101.03641 | BD59: 100.081 | BE59: 99.358582 | BF59: 98.780479 | BG59: 97.682159 | BH59: 96.961548 | BI59: 96.90976 | BJ59: 97.232491 | BK59: 98.272758 | BL59: 99.283302 | BM59: 99.784531 | BN59: 101.67784 | BO59: 100.97535 | BP59: 99.699089
A60: Germany | B60: DEU | C60: School enrollment, primary (% gross) | D60: SE.PRM.ENRR | AS60: 105.39204 | AT60: 106.65067 | AU60: 104.92115 | AV60: 103.66805 | AW60: 103.64272 | AX60: 103.44062 | AY60: 104.26264 | AZ60: 104.7935 | BA60: 105.10398 | BB60: 104.81651 | BC60: 104.33759 | BD60: 104.41572 | BE60: 104.14055 | BF60: 103.63867 | BG60: 102.62182 | BH60: 102.70246 | BI60: 101.40607 | BJ60: 101.73871 | BK60: 102.64538 | BL60: 102.54747 | BM60: 101.99666 | BN60: 101.34655 | BO60: 100.21813 | BP60: 102.19069
A61: Djibouti | B61: DJI | C61: School enrollment, primary (% gross) | D61: SE.PRM.ENRR
A62: Dominica | B62: DMA | C62: School enrollment, primary (% gross) | D62: SE.PRM.ENRR | P62: 111.81715 | Q62: 111.06386 | R62: 109.30798 | S62: 106.05288 | T62: 110.02864 | U62: 107.93511 | V62: 111.98215 | W62: 112.49596 | X62: 108.74425 | Y62: 104.66255 | Z62: 101.71644 | AA62: 106.6806 | AC62: 108.18537 | AE62: 112.19202 | AF62: 119.44263 | AG62: 118.66642 | AI62: 115.71077 | AJ62: 114.39266 | AK62: 108.43697 | AL62: 116.53005 | AM62: 118.77721 | AN62: 119.20136 | AR62: 119.99601 | AS62: 117.88146 | AT62: 114.94368 | AU62: 111.3883 | AV62: 107.95748 | AW62: 104.84282 | AX62: 104.06746 | AY62: 102.46034 | AZ62: 103.04006 | BA62: 103.25725 | BB62: 104.64022 | BC62: 105.75699 | BD62: 107.47491 | BE62: 108.43213 | BF62: 109.3737 | BG62: 103.48306 | BH62: 103.66897 | BI62: 102.00585 | BJ62: 109.57643 | BK62: 97.366371 | BL62: 97.570272 | BM62: 99.325518 | BN62: 101.03635 | BO62: 100.80876 | BP62: 99.072165 | BQ62: 96.787709 | BR62: 97.660608
A63: Denmark | B63: DNK | C63: School enrollment, primary (% gross) | D63: SE.PRM.ENRR | AS63: 99.671051 | AT63: 99.720642 | AU63: 101.68817 | AW63: 100 | AX63: 98.210587 | AY63: 99.346039 | AZ63: 100 | BA63: 99.660271 | BB63: 100.00246 | BC63: 100.18156 | BD63: 101.19746 | BE63: 101.51066 | BF63: 101.29933 | BG63: 101.17694 | BH63: 100.88214 | BI63: 101.0415 | BJ63: 100.77803 | BK63: 100.74901 | BL63: 100.551 | BM63: 100.45959 | BN63: 100.30842 | BO63: 100.24445 | BP63: 99.869888
A64: Dominican Republic | B64: DOM | C64: School enrollment, primary (% gross) | D64: SE.PRM.ENRR | AS64: 115.30865 | AU64: 117.96833 | AV64: 115.68124 | AW64: 107.71645 | AX64: 108.27439 | AY64: 103.60444 | AZ64: 113.67667 | BA64: 109.52512 | BB64: 111.81587 | BC64: 110.49796 | BD64: 110.20068 | BE64: 108.46902 | BF64: 109.52824 | BG64: 108.06455 | BH64: 112.01349 | BI64: 110.70488 | BJ64: 108.01944 | BK64: 105.8584 | BL64: 112.33361 | BM64: 105.92524 | BN64: 96.870457 | BO64: 100.49229 | BP64: 101.64485 | BQ64: 101.93908
A65: Algeria | B65: DZA | C65: School enrollment, primary (% gross) | D65: SE.PRM.ENRR | P65: 74.083488 | Q65: 79.225311 | R65: 85.245468 | S65: 90.666229 | T65: 94.406937 | U65: 95.29509 | V65: 93.358307 | W65: 94.149742 | X65: 93.833572 | Y65: 93.788101 | Z65: 92.777199 | AA65: 91.92878 | AB65: 91.788757 | AC65: 92.77549 | AD65: 93.149673 | AE65: 92.973907 | AF65: 94.79393 | AG65: 96.636597 | AH65: 96.373688 | AI65: 96.017372 | AJ65: 96.908302 | AK65: 98.201813 | AL65: 97.757446 | AM65: 98.40461 | AN65: 98.672417 | AO65: 100.23238 | AP65: 101.96068 | AQ65: 103.69398 | AR65: 106.49136 | AS65: 109.7344 | AT65: 109.01784 | AU65: 110.67728 | AV65: 111.38779 | AW65: 111.65513 | AX65: 112.39859 | AY65: 112.07709 | AZ65: 112.33448 | BA65: 110.91095 | BB65: 113.49189 | BC65: 113.80703 | BD65: 112.73376 | BE65: 112.06775 | BF65: 112.33663 | BG65: 111.14484 | BH65: 109.58479 | BI65: 109.07231 | BJ65: 108.06227 | BK65: 107.09512 | BL65: 106.06751 | BM65: 108.53194 | BN65: 104.73976 | BO65: 105.74715 | BP65: 105.84075 | BQ65: 106.36889 | BR65: 105.48069
A66: East Asia & Pacific (excluding high income) | B66: EAP | C66: School enrollment, primary (% gross) | D66: SE.PRM.ENRR | O66: 110.67588 | P66: 105.5287 | Q66: 102.60612 | R66: 103.67205 | S66: 102.70236 | T66: 107.46938 | U66: 111.72081 | V66: 110.95716 | W66: 108.65583 | X66: 108.15007 | Y66: 108.14305 | Z66: 110.14097 | AA66: 111.64141 | AB66: 114.15426 | AC66: 116.35927 | AD66: 121.09747 | AE66: 124.17158 | AF66: 125.72015 | AG66: 123.90664 | AH66: 121.04275 | AI66: 116.07528 | AJ66: 113.98708 | AK66: 112.18875 | AL66: 110.88539 | AM66: 110.11989 | AN66: 110.16613 | AO66: 109.46257 | AP66: 109.16806 | AQ66: 108.90419 | AR66: 110.37333 | AS66: 110.94055 | AT66: 111.72444 | AU66: 110.15483 | AV66: 108.63069 | AW66: 107.26761 | AX66: 105.56791 | AY66: 104.78107 | AZ66: 105.29653 | BA66: 105.60563 | BB66: 105.55729 | BC66: 105.07589 | BD66: 105.21392 | BE66: 105.35863 | BF66: 104.79189 | BG66: 101.78755 | BH66: 100.99765 | BI66: 100.81974 | BJ66: 100.61993 | BK66: 100.1194 | BL66: 99.757927 | BM66: 99.977852 | BN66: 99.921967 | BO66: 100.10271 | BP66: 99.336029 | BQ66: 99.9748
A67: Early-demographic dividend | B67: EAR | C67: School enrollment, primary (% gross) | D67: SE.PRM.ENRR | O67: 89.828377 | P67: 61.552361 | Q67: 63.466301 | R67: 66.040482 | S67: 66.883827 | T67: 68.624702 | U67: 69.883911 | V67: 71.857437 | W67: 71.808792 | X67: 72.136688 | Y67: 75.600327 | Z67: 76.913681 | AA67: 79.718369 | AB67: 81.599022 | AC67: 83.421249 | AD67: 84.264099 | AE67: 84.867043 | AF67: 85.347198 | AG67: 87.2575 | AH67: 89.070557 | AI67: 89.29435 | AJ67: 90.084679 | AK67: 90.797058 | AL67: 92.14164 | AM67: 93.516144 | AN67: 93.578438 | AO67: 94.568718 | AP67: 94.579498 | AQ67: 94.899979 | AR67: 95.521767 | AS67: 96.526291 | AT67: 96.090271 | AU67: 96.843391 | AV67: 100.15921 | AW67: 101.33571 | AX67: 102.47302 | AY67: 103.20052 | AZ67: 104.7342 | BA67: 104.85095 | BB67: 104.83861 | BC67: 105.18727 | BD67: 104.82745 | BE67: 105.73921 | BF67: 105.7333 | BG67: 104.58607 | BH67: 104.65414 | BI67: 106.96568 | BJ67: 105.84873 | BK67: 100.03512 | BL67: 99.836189 | BM67: 100.67162 | BN67: 100.34375 | BO67: 102.03388 | BP67: 102.74579 | BQ67: 105.64235
A68: East Asia & Pacific | B68: EAS | C68: School enrollment, primary (% gross) | D68: SE.PRM.ENRR | O68: 109.76887 | P68: 107.59353 | Q68: 104.8664 | R68: 105.70492 | S68: 104.57103 | T68: 109.06205 | U68: 113.10578 | V68: 112.45553 | W68: 110.40396 | X68: 110.11388 | Y68: 110.34199 | Z68: 112.30966 | AA68: 113.73391 | AB68: 116.02467 | AC68: 117.88695 | AD68: 121.9741 | AE68: 124.47925 | AF68: 125.6063 | AG68: 123.6829 | AH68: 120.89286 | AI68: 116.24597 | AJ68: 114.18804 | AK68: 112.36021 | AL68: 110.9402 | AM68: 110.03918 | AN68: 109.97377 | AO68: 109.11595 | AP68: 108.70567 | AQ68: 108.37996 | AR68: 109.71002 | AS68: 110.22403 | AT68: 110.92358 | AU68: 109.46517 | AV68: 108.06665 | AW68: 106.84977 | AX68: 105.2813 | AY68: 104.55504 | AZ68: 105.07119 | BA68: 105.37516 | BB68: 105.32967 | BC68: 104.87268 | BD68: 105.004 | BE68: 105.15486 | BF68: 104.6204 | BG68: 101.81568 | BH68: 101.04548 | BI68: 100.86095 | BJ68: 100.65239 | BK68: 100.17369 | BL68: 99.861618 | BM68: 100.06159 | BN68: 99.983192 | BO68: 100.13585 | BP68: 99.450111 | BQ68: 100.04725
A69: Europe & Central Asia (excluding high income) | B69: ECA | C69: School enrollment, primary (% gross) | D69: SE.PRM.ENRR | AR69: 104.81752 | AS69: 103.89695 | AT69: 105.22899 | AU69: 105.92592 | AV69: 101.24298 | AW69: 101.33705 | AX69: 102.54533 | AY69: 101.87894 | AZ69: 102.04753 | BA69: 100.99376 | BB69: 100.38216 | BC69: 100.90186 | BD69: 101.12024 | BE69: 100.12673 | BF69: 103.20551 | BG69: 102.54174 | BH69: 99.976952 | BI69: 99.375793 | BJ69: 97.02079 | BK69: 98.027344 | BL69: 99.280663 | BM69: 99.000092 | BN69: 98.589478 | BO69: 98.047043 | BP69: 97.120239 | BQ69: 96.678749
A70: Europe & Central Asia | B70: ECS | C70: School enrollment, primary (% gross) | D70: SE.PRM.ENRR | AR70: 106.35138 | AS70: 104.0012 | AT70: 104.97021 | AU70: 105.54027 | AV70: 104.29377 | AW70: 103.68999 | AX70: 102.64034 | AY70: 102.20928 | AZ70: 101.99277 | BA70: 101.62899 | BB70: 101.23361 | BC70: 101.27475 | BD70: 101.19243 | BE70: 101.02329 | BF70: 102.12863 | BG70: 101.19507 | BH70: 100.50414 | BI70: 100.15201 | BJ70: 99.99205 | BK70: 100.49089 | BL70: 100.92504 | BM70: 100.66832 | BN70: 100.68788 | BO70: 100.42694 | BP70: 100.08051 | BQ70: 99.94146
A71: Ecuador | B71: ECU | C71: School enrollment, primary (% gross) | D71: SE.PRM.ENRR | AS71: 107.41169 | AT71: 108.00846 | AU71: 108.65873 | AV71: 108.23458 | AW71: 107.82351 | AX71: 107.85125 | AY71: 108.0287 | AZ71: 109.57466 | BA71: 107.73561 | BB71: 112.42225 | BC71: 108.52983 | BD71: 108.22266 | BE71: 105.65793 | BF71: 104.49525 | BG71: 105.59687 | BH71: 101.05519 | BI71: 98.960814 | BJ71: 98.186187 | BK71: 98.882823 | BL71: 98.315978 | BM71: 98.116382 | BN71: 98.17576 | BO71: 99.568014 | BP71: 97.24901
A72: Egypt, Arab Rep. | B72: EGY | C72: School enrollment, primary (% gross) | D72: SE.PRM.ENRR | P72: 69.771278 | Q72: 70.84771 | R72: 71.530998 | S72: 69.111679 | T72: 70.341591 | U72: 69.476357 | V72: 68.564583 | W72: 68.016579 | X72: 67.610161 | Y72: 68.361122 | Z72: 68.380928 | AA72: 69.462547 | AB72: 71.530739 | AC72: 73.679451 | AD72: 75.806549 | AE72: 77.767082 | AF72: 80.101677 | AG72: 82.686127 | AH72: 83.760612 | AI72: 85.935631 | AJ72: 88.24955 | AK72: 80.55056 | AL72: 81.360939 | AM72: 90.481873 | AN72: 83.934288 | AO72: 92.568993 | AP72: 92.383728 | AR72: 90.185081 | AS72: 89.098427 | AT72: 88.593384 | AU72: 88.99305 | AV72: 89.300949 | AW72: 89.38018 | AX72: 89.011162 | AY72: 90.01284 | AZ72: 90.524147 | BB72: 91.209648 | BC72: 90.947759 | BD72: 87.469738 | BE72: 91.860163 | BF72: 91.581965 | BG72: 89.187407 | BI72: 90.113049 | BJ72: 90.651513 | BK72: 92.690907 | BL72: 94.250085 | BM72: 95.643301 | BN72: 97.001058 | BO72: 89.510087 | BP72: 95.921707 | BQ72: 96.707386
A73: Euro area | B73: EMU | C73: School enrollment, primary (% gross) | D73: SE.PRM.ENRR | AR73: 105.11692 | AS73: 103.69463 | AT73: 103.89939 | AU73: 103.35309 | AV73: 103.33203 | AW73: 103.38789 | AX73: 104.27057 | AY73: 104.1401 | AZ73: 103.95857 | BA73: 103.675 | BB73: 103.11812 | BC73: 102.68235 | BD73: 102.46088 | BE73: 102.17267 | BF73: 102.65147 | BG73: 101.97712 | BH73: 101.96607 | BI73: 101.62655 | BJ73: 102.20188 | BK73: 102.32318 | BL73: 102.41503 | BM73: 102.39001 | BN73: 101.87244 | BO73: 101.88722 | BP73: 102.8903 | BQ73: 102.8903
A74: Eritrea | B74: ERI | C74: School enrollment, primary (% gross) | D74: SE.PRM.ENRR | AH74: 40.902828 | AI74: 36.243721 | AJ74: 33.61726 | AK74: 64.288361 | AL74: 76.819168 | AM74: 83.073868 | AN74: 86.223442 | AO74: 87.833572 | AP74: 84.162888 | AR74: 86.289551 | AS74: 95.337822 | AT74: 94.526062 | AU74: 101.33185 | AV74: 107.54042 | AW74: 106.52567 | AX74: 103.57465 | AY74: 97.037178 | AZ74: 87.202904 | BA74: 81.143433 | BB74: 77.921181 | BC74: 73.636848 | BD74: 79.174316 | BE74: 82.643898 | BF74: 92.676552 | BG74: 83.275146 | BH74: 82.366951 | BJ74: 78.349472 | BK74: 78.791649 | BO74: 89.731247
A75: Spain | B75: ESP | C75: School enrollment, primary (% gross) | D75: SE.PRM.ENRR | AS75: 104.22451 | AT75: 104.56309 | AU75: 105.45086 | AV75: 105.15835 | AW75: 105.00092 | AX75: 104.35788 | AY75: 103.61088 | AZ75: 103.02568 | BA75: 102.44998 | BB75: 102.09572 | BC75: 101.21123 | BD75: 100.81304 | BE75: 100.47344 | BF75: 103.10758 | BG75: 102.53847 | BH75: 102.14423 | BI75: 102.1301 | BJ75: 102.50512 | BK75: 102.63872 | BL75: 103.18532 | BM75: 103.41042 | BN75: 102.89914 | BO75: 102.44599 | BP75: 103.00277
A76: Estonia | B76: EST | C76: School enrollment, primary (% gross) | D76: SE.PRM.ENRR | AS76: 104.32496 | AT76: 105.54216 | AU76: 105.47282 | AV76: 105.65447 | AW76: 104.81165 | AX76: 103.57065 | AY76: 102.76178 | AZ76: 101.67982 | BA76: 100.79552 | BB76: 100.18112 | BC76: 99.597267 | BD76: 99.042839 | BE76: 98.319611 | BF76: 97.67952 | BG76: 97.592262 | BH76: 97.119148 | BI76: 97.292343 | BJ76: 97.250053 | BK76: 97.455948 | BL76: 98.157722 | BM76: 98.346672 | BN76: 98.814667 | BO76: 99.263817 | BP76: 98.338158
A77: Ethiopia | B77: ETH | C77: School enrollment, primary (% gross) | D77: SE.PRM.ENRR | P77: 15.20871 | Q77: 15.97808 | R77: 16.421789 | S77: 17.88802 | T77: 19.30245 | U77: 21.12575 | V77: 22.21648 | W77: 21.264851 | X77: 25.03698 | Y77: 32.68243 | Z77: 38.455448 | AA77: 40.99102 | AB77: 42.06002 | AC77: 40.632229 | AD77: 38.002819 | AE77: 37.384571 | AF77: 40.381889 | AG77: 41.029049 | AH77: 39.28426 | AI77: 35.663219 | AJ77: 32.249512 | AK77: 26.06085 | AL77: 22.707291 | AM77: 26.90801 | AN77: 30.68228 | AO77: 36.34547 | AP77: 41.01717 | AQ77: 49.688641 | AR77: 48.195751 | AS77: 52.238731 | AT77: 57.130699 | AU77: 59.604359 | AV77: 60.702141 | AW77: 63.565708 | AX77: 74.509689 | AY77: 79.232933 | AZ77: 85.469727 | BA77: 91.453018 | BB77: 90.341942 | BC77: 88.511037 | BD77: 90.628258 | BE77: 89.925322 | BG77: 93.114589 | BH77: 94.085753 | BJ77: 101.22399 | BM77: 112.67017 | BN77: 101.33892 | BO77: 84.631773 | BP77: 83.731975 | BQ77: 84.41601
A78: European Union | B78: EUU | C78: School enrollment, primary (% gross) | D78: SE.PRM.ENRR | AR78: 105.16427 | AS78: 103.28311 | AT78: 103.5422 | AU78: 103.24179 | AV78: 103.14396 | AW78: 103.01844 | AX78: 103.52172 | AY78: 103.35207 | AZ78: 103.08167 | BA78: 102.69667 | BB78: 102.2925 | BC78: 101.96526 | BD78: 101.75577 | BE78: 101.63593 | BF78: 102.24145 | BG78: 101.56522 | BH78: 101.41019 | BI78: 101.03885 | BJ78: 101.44093 | BK78: 101.43122 | BL78: 101.53859 | BM78: 100.82953 | BN78: 101.44372 | BO78: 101.42622 | BP78: 102.43939 | BQ78: 102.43939
A79: Fragile and conflict affected situations | B79: FCS | C79: School enrollment, primary (% gross) | D79: SE.PRM.ENRR | O79: 57.792728 | P79: 59.026169 | Q79: 59.821911 | R79: 60.682919 | S79: 60.899979 | T79: 61.26165 | U79: 62.616531 | V79: 65.618858 | W79: 69.141411 | X79: 73.335587 | Y79: 76.500931 | Z79: 79.86203 | AA79: 81.866623 | AB79: 82.323662 | AC79: 82.417709 | AD79: 80.363037 | AE79: 77.778664 | AF79: 75.916321 | AG79: 75.64299 | AH79: 73.45018 | AI79: 73.033119 | AJ79: 75.066048 | AK79: 74.995728 | AL79: 75.501381 | AM79: 75.717438 | AN79: 74.059563 | AO79: 71.034523 | AP79: 72.47036 | AQ79: 73.79921 | AR79: 73.247818 | AS79: 75.118622 | AT79: 76.673317 | AU79: 79.907089 | AV79: 81.644508 | AW79: 83.796997 | AX79: 86.283699 | AY79: 88.158241 | AZ79: 88.082909 | BA79: 88.6716 | BB79: 89.006142 | BC79: 89.33284 | BD79: 91.22596 | BE79: 92.506531 | BF79: 92.801498 | BG79: 92.290092 | BH79: 90.63842 | BI79: 91.244843 | BJ79: 92.016861 | BK79: 93.211571 | BL79: 94.343079 | BM79: 95.465233 | BN79: 94.550652 | BO79: 93.32476 | BP79: 94.238136 | BQ79: 94.275688
A80: Finland | B80: FIN | C80: School enrollment, primary (% gross) | D80: SE.PRM.ENRR | AS80: 99.717087 | AT80: 99.688591 | AU80: 99.644768 | AV80: 99.689568 | AW80: 99.793427 | AX80: 99.784111 | AY80: 99.765953 | AZ80: 99.662148 | BA80: 99.719872 | BB80: 99.664192 | BC80: 99.688057 | BD80: 99.785187 | BE80: 99.707123 | BF80: 99.691849 | BG80: 99.66172 | BH80: 99.56723 | BI80: 99.508041 | BJ80: 99.468208 | BK80: 99.703201 | BL80: 99.555748 | BM80: 99.817581 | BN80: 99.35363 | BO80: 98.619019 | BP80: 99.115173
A81: Fiji | B81: FJI | C81: School enrollment, primary (% gross) | D81: SE.PRM.ENRR | O81: 102.90041 | P81: 104.6664 | Q81: 105.96063 | R81: 108.07557 | S81: 108.09048 | T81: 107.72168 | U81: 107.02966 | V81: 106.40167 | W81: 105.92073 | X81: 104.41053 | Y81: 104.68649 | Z81: 105.39271 | AB81: 105.3727 | AC81: 105.53694 | AD81: 105.72492 | AE81: 104.84095 | AF81: 103.11298 | AJ81: 102.16115 | AK81: 101.39061 | AM81: 102.17509 | AN81: 100.85698 | AO81: 99.534447 | AP81: 100.73052 | AQ81: 101.25867 | AR81: 100.99387 | AS81: 100.26572 | AT81: 101.23435 | AU81: 100.66868 | AV81: 100.21734 | AW81: 100.84087 | AY81: 98.807487 | AZ81: 93.939827 | BA81: 93.620071 | BB81: 93.107773 | BD81: 94.101486 | BE81: 95.182442 | BF81: 96.624779 | BG81: 96.894291 | BH81: 99.357682 | BI81: 100.25669 | BJ81: 102.96084 | BK81: 106.22315 | BL81: 114.91259 | BM81: 112.55333 | BN81: 114.93183 | BO81: 112.26029 | BP81: 111.93661 | BQ81: 110.37723
A82: France | B82: FRA | C82: School enrollment, primary (% gross) | D82: SE.PRM.ENRR | AS82: 100.42826 | AT82: 100.38221 | AU82: 100.2493 | AV82: 99.975449 | AW82: 99.81118 | AX82: 104.63649 | AY82: 104.27885 | AZ82: 103.85978 | BA82: 103.62215 | BB82: 103.04114 | BC82: 102.76151 | BD82: 102.6911 | BE82: 102.52316 | BF82: 102.27644 | BG82: 101.28035 | BH82: 101.98964 | BI82: 102.26043 | BJ82: 102.41722 | BK82: 102.46441 | BL82: 102.44765 | BM82: 102.65163 | BN82: 102.58041 | BO82: 102.70949 | BP82: 103.26512
A83: Faroe Islands | B83: FRO | C83: School enrollment, primary (% gross) | D83: SE.PRM.ENRR
A84: Micronesia, Fed. Sts. | B84: FSM | C84: School enrollment, primary (% gross) | D84: SE.PRM.ENRR | P84: 214.58926 | Q84: 212.53336 | R84: 214.64262 | S84: 204.05429 | T84: 197.89958 | U84: 191.34393 | V84: 194.31783 | W84: 190.78648 | X84: 184.19379 | AW84: 111.90839 | AX84: 110.22287 | AZ84: 109.70074 | BF84: 95.031858 | BG84: 97.314204 | BH84: 93.567054 | BI84: 94.077202 | BJ84: 94.21926 | BK84: 96.288195 | BL84: 94.35985 | BM84: 87.424045 | BN84: 87.399095 | BO84: 87.106332 | BP84: 82.154766 | BQ84: 82.15982
A85: Gabon | B85: GAB | C85: School enrollment, primary (% gross) | D85: SE.PRM.ENRR | P85: 126.6759 | Q85: 128.8257 | R85: 130.58218 | S85: 130.81567 | T85: 134.8053 | U85: 138.20863 | V85: 135.54321 | W85: 141.14861 | X85: 137.06239 | Y85: 138.64436 | Z85: 139.61452 | AA85: 139.12662 | AB85: 138.40643 | AC85: 138.71516 | AD85: 138.8138 | AE85: 137.34506 | AF85: 137.74429 | AG85: 135.15785 | AH85: 138.21159 | AK85: 126.44356 | AM85: 130.28261 | AN85: 136.27904 | AO85: 134.89868 | AP85: 134.6433 | AR85: 133.6821 | AT85: 129.56665 | AU85: 135.68646 | AV85: 133.13985 | BD85: 129.776 | BL85: 100.1716
A86: United Kingdom | B86: GBR | C86: School enrollment, primary (% gross) | D86: SE.PRM.ENRR | AS86: 100.59179 | AT86: 100.93592 | AU86: 100.6922 | AV86: 100.59813 | AW86: 105.93809 | AX86: 105.8047 | AY86: 104.35408 | AZ86: 103.10493 | BA86: 105.7419 | BB86: 105.42121 | BC86: 105.67324 | BD86: 105.02627 | BE86: 105.79597 | BF86: 105.33699 | BG86: 99.99675 | BH86: 100.20404 | BI86: 100.38158 | BJ86: 100.78105 | BK86: 101.32705 | BL86: 101.90942 | BM86: 102.22395 | BN86: 102.19445 | BO86: 102.53524 | BP86: 102.5558
A87: Georgia | B87: GEO | C87: School enrollment, primary (% gross) | D87: SE.PRM.ENRR | Z87: 95.344482 | AE87: 88.408043 | AJ87: 93.308853 | AK87: 91.094139 | AL87: 82.059822 | AM87: 81.775948 | AN87: 82.63472 | AO87: 84.281982 | AP87: 88.56057 | AQ87: 94.904831 | AR87: 99.636681 | AS87: 107.29076 | AT87: 111.00167 | AU87: 112.33273 | AV87: 111.81209 | AW87: 112.91079 | AX87: 109.41765 | AY87: 109.27216 | AZ87: 110.82913 | BA87: 109.99113 | BB87: 108.24468 | BC87: 107.15525 | BD87: 107.76195 | BE87: 109.6514 | BF87: 110.57523 | BG87: 109.97668 | BH87: 107.80011 | BI87: 104.04251 | BJ87: 102.93777 | BK87: 100.78684 | BL87: 101.23642 | BM87: 100.77953 | BN87: 101.28644 | BO87: 102.72783 | BP87: 100.88726 | BQ87: 99.356021
A88: Ghana | B88: GHA | C88: School enrollment, primary (% gross) | D88: SE.PRM.ENRR | P88: 59.091141 | Q88: 56.884209 | R88: 57.42347 | S88: 56.63084 | T88: 57.31654 | U88: 61.665531 | V88: 63.382881 | W88: 64.483238 | X88: 66.156067 | Y88: 67.72113 | Z88: 69.870918 | AA88: 71.640457 | AB88: 70.596008 | AC88: 67.504242 | AD88: 68.431969 | AE88: 64.211182 | AF88: 65.28054 | AG88: 64.478622 | AH88: 67.269188 | AI88: 65.115013 | AJ88: 72.673302 | AK88: 73.69175 | AL88: 72.828087 | AM88: 73.928772 | AN88: 72.992996 | AO88: 73.291451 | AP88: 76.41011 | AR88: 75.294952 | AS88: 79.940376 | AT88: 75.419594 | AU88: 78.84758 | AV88: 76.309349 | AW88: 80.225441 | AX88: 86.702469 | AY88: 91.233276 | AZ88: 95.995651 | BA88: 100.84149 | BB88: 99.077362 | BD88: 99.413078 | BE88: 102.0687 | BF88: 101.08946 | BG88: 99.560087 | BH88: 103.21314 | BI88: 101.75111 | BJ88: 100.4789 | BK88: 98.681391 | BL88: 99.875032 | BM88: 98.404895 | BN88: 99.450944 | BO88: 98.231895
A89: Gibraltar | B89: GIB | C89: School enrollment, primary (% gross) | D89: SE.PRM.ENRR | P89: 91.183609 | Q89: 102.00214 | R89: 75.429176 | S89: 76.153221 | T89: 73.849037 | U89: 74.740479 | V89: 71.405708 | W89: 74.838364 | X89: 74.133263 | Y89: 73.885696 | Z89: 74.626869 | AA89: 77.240631 | AB89: 77.944794 | AC89: 81.161827 | AD89: 79.227318 | AP89: 130.44933 | AR89: 117.91045 | AS89: 105.81395 | AT89: 107.60525 | BA89: 149.90663 | BB89: 149.38045 | BI89: 117.18357 | BJ89: 118.47826 | BL89: 112.32504 | BM89: 108.72027 | BN89: 108.46834 | BO89: 106.32772 | BP89: 103.55702 | BQ89: 101.77318
A90: Guinea | B90: GIN | C90: School enrollment, primary (% gross) | D90: SE.PRM.ENRR | P90: 31.066601 | Q90: 26.07313 | R90: 29.658859 | S90: 29.911791 | T90: 30.266859 | U90: 28.97706 | V90: 32.161442 | W90: 33.14542 | X90: 34.305569 | Y90: 34.94088 | Z90: 33.439281 | AA90: 31.689619 | AB90: 30.67749 | AC90: 29.7747 | AD90: 33.990219 | AE90: 31.869579 | AF90: 30.392759 | AG90: 31.706011 | AH90: 32.40366 | AI90: 32.31126 | AJ90: 34.612888 | AK90: 34.539669 | AL90: 39.374279 | AM90: 42.43367 | AN90: 47.445881 | AO90: 49.141232 | AP90: 52.894081 | AQ90: 53.231869 | AR90: 55.44088 | AS90: 58.381229 | AT90: 61.127022 | AU90: 69.435402 | AV90: 72.668716 | AW90: 75.542358 | AX90: 77.486198 | AY90: 79.183594 | AZ90: 81.362549 | BA90: 82.752747 | BB90: 82.911079 | BC90: 85.616867 | BD90: 89.374489 | BE90: 91.492462 | BF90: 93.530128 | BG90: 95.151779 | BI90: 93.113258 | BM90: 100.47452
A91: Gambia, The | B91: GMB | C91: School enrollment, primary (% gross) | D91: SE.PRM.ENRR | P91: 21.42098 | Q91: 21.13065 | R91: 22.78684 | S91: 23.58779 | T91: 24.70529 | U91: 26.234909 | V91: 27.265051 | W91: 29.493601 | X91: 33.295441 | Y91: 37.28159 | Z91: 45.044708 | AA91: 48.669842 | AB91: 51.42902 | AC91: 54.51128 | AD91: 56.316479 | AE91: 56.662731 | AF91: 55.457481 | AG91: 53.54874 | AH91: 50.188702 | AI91: 50.55616 | AJ91: 50.983551 | AK91: 50.966251 | AL91: 52.158199 | AM91: 54.16185 | AN91: 55.788422 | AO91: 58.92461 | AP91: 60.687901 | AQ91: 61.957088 | AR91: 71.7938 | AS91: 70.985023 | AT91: 71.411743 | AU91: 69.332428 | AV91: 72.404167 | AW91: 73.579399 | AX91: 72.190887 | AY91: 71.475967 | AZ91: 73.950882 | BA91: 73.556618 | BB91: 73.409653 | BC91: 73.459983 | BD91: 72.190663 | BE91: 75.459265 | BF91: 77.531891 | BG91: 80.671275 | BH91: 83.67678 | BI91: 85.496815 | BJ91: 88.691574 | BK91: 91.480328 | BL91: 95.096577 | BM91: 96.882703 | BN91: 96.323542 | BO91: 97.278172 | BP91: 98.735967 | BQ91: 98.605883 | BR91: 100.42902
A92: Guinea-Bissau | B92: GNB | C92: School enrollment, primary (% gross) | D92: SE.PRM.ENRR | P92: 28.90802 | Q92: 33.741219 | R92: 42.678082 | S92: 51.640442 | T92: 78.759163 | U92: 82.571213 | W92: 72.593361 | X92: 63.381329 | Y92: 59.496632 | Z92: 55.80687 | AA92: 54.182301 | AB92: 52.307289 | AC92: 51.4856 | AD92: 51.41674 | AF92: 50.941711 | AG92: 49.64999 | AH92: 51.05983 | AK92: 48.133289 | AL92: 46.151039 | AM92: 50.982971 | AN92: 54.64846 | AO92: 56.782951 | AP92: 61.450771 | AQ92: 64.954247 | AS92: 75.500298 | AT92: 89.762016 | AW92: 107.9775 | AX92: 114.70054 | AY92: 119.65599 | BC92: 113.43678
A93: Equatorial Guinea | B93: GNQ | C93: School enrollment, primary (% gross) | D93: SE.PRM.ENRR | P93: 81.198448 | S93: 96.952141 | Z93: 115.51281 | AA93: 111.147 | AB93: 119.18301 | AC93: 136.25633 | AL93: 107.86219 | AM93: 105.35605 | AR93: 86.137932 | AS93: 81.569878 | AT93: 82.340408 | AU93: 78.56678 | AV93: 71.197906 | AX93: 68.386353 | BA93: 57.20422 | BB93: 56.32077 | BC93: 56.021999 | BD93: 54.6866 | BE93: 54.972549 | BH93: 47.548649
A94: Greece | B94: GRC | C94: School enrollment, primary (% gross) | D94: SE.PRM.ENRR | AS94: 102.30835 | AT94: 101.49258 | AU94: 93.634628 | AV94: 96.361893 | AW94: 99.335838 | AX94: 99.719971 | AY94: 99.143044 | AZ94: 98.761391 | BC94: 99.96904 | BD94: 99.500168 | BE94: 99.501801 | BF94: 98.732521 | BG94: 97.959343 | BH94: 99.829109 | BI94: 99.370651 | BJ94: 98.826714 | BK94: 97.801102 | BL94: 97.643768 | BM94: 97.283173 | BN94: 97.331322 | BO94: 101.19203 | BP94: 102.02022
A95: Grenada | B95: GRD | C95: School enrollment, primary (% gross) | D95: SE.PRM.ENRR | P95: 139.16013 | Q95: 138.19572 | R95: 135.47459 | S95: 135.23558 | T95: 108.48324 | U95: 106.99682 | V95: 105.08325 | W95: 104.55684 | X95: 104.42526 | Y95: 104.5518 | Z95: 102.87405 | AA95: 102.99001 | AB95: 105.29321 | AC95: 105.51889 | AD95: 108.12291 | AE95: 107.57122 | AF95: 119.77729 | AG95: 123.28239 | AI95: 128.85455 | AJ95: 130.57607 | AK95: 137.06056 | AL95: 138.74573 | AM95: 135.96724 | AN95: 133.12396 | AO95: 121.5265 | AP95: 132.94366 | AQ95: 127.00023 | AR95: 115.0733 | AS95: 94.54184 | AT95: 95.504013 | AU95: 108.38895 | AV95: 107.6953 | AW95: 106.28905 | AX95: 99.868477 | AZ95: 101.04481 | BA95: 105.57035 | BB95: 111.27147 | BC95: 110.22993 | BD95: 109.88329 | BF95: 109.84052 | BG95: 108.84474 | BH95: 111.62308 | BI95: 108.66271 | BJ95: 110.18003 | BK95: 107.78648 | BN95: 99.260815 | BQ95: 110.59052
A96: Greenland | B96: GRL | C96: School enrollment, primary (% gross) | D96: SE.PRM.ENRR
A97: Guatemala | B97: GTM | C97: School enrollment, primary (% gross) | D97: SE.PRM.ENRR | O97: 57.202862 | P97: 58.734051 | Q97: 59.968681 | R97: 59.99538 | S97: 61.343941 | T97: 62.600788 | U97: 62.579521 | V97: 65.532387 | W97: 67.869568 | X97: 69.909042 | Y97: 72.588463 | Z97: 77.108276 | AA97: 72.829788 | AB97: 77.715942 | AC97: 79.370728 | AD97: 79.63414 | AE97: 78.879547 | AF97: 80.568588 | AG97: 81.68071 | AI97: 77.876259 | AJ97: 81.127869 | AK97: 84.966682 | AL97: 86.33773 | AM97: 85.647423 | AN97: 86.888313 | AO97: 86.843643 | AP97: 86.483719 | AQ97: 91.850861 | AR97: 96.80864 | AS97: 98.819328 | AT97: 99.704048 | AU97: 102.80278 | AW97: 108.79601 | AX97: 109.97214 | AY97: 111.04318 | AZ97: 111.58713 | BA97: 112.62431 | BB97: 118.53664 | BC97: 117.27329 | BD97: 116.09951 | BE97: 111.64625 | BF97: 107.86459 | BG97: 105.23115 | BH97: 103.75696 | BI97: 101.35201 | BJ97: 101.38745 | BK97: 102.98314 | BL97: 101.97936 | BM97: 101.50029 | BN97: 103.02649 | BO97: 102.99828 | BP97: 102.03223 | BQ97: 101.48883
A98: Guam | B98: GUM | C98: School enrollment, primary (% gross) | D98: SE.PRM.ENRR | Z98: 90.960739 | AA98: 89.110138 | AB98: 87.336311 | AC98: 85.461708 | AD98: 85.440666 | AE98: 84.154839 | AF98: 84.348221 | AG98: 84.15416 | AH98: 77.922859
A99: Guyana | B99: GUY | C99: School enrollment, primary (% gross) | D99: SE.PRM.ENRR | P99: 100.05751 | Q99: 99.737427 | R99: 100.17892 | S99: 100.43973 | U99: 98.96431 | V99: 106.52049 | W99: 104.42197 | X99: 103.48487 | Y99: 99.451073 | Z99: 98.962959 | AA99: 99.907784 | AB99: 99.019768 | AC99: 97.673363 | AD99: 96.199966 | AE99: 95.666901 | AF99: 96.793907 | AG99: 100.77581 | AH99: 105.91049 | AJ99: 97.177193 | AK99: 94.439262 | AL99: 93.325851 | AM99: 93.837082 | AN99: 95.539558 | AO99: 95.761726 | AP99: 96.592743 | AR99: 98.317162 | AS99: 98.257851 | AT99: 96.990669 | AV99: 96.338661 | AX99: 101.88933 | AZ99: 98.705231 | BA99: 100.12952 | BB99: 97.610123 | BC99: 100.62051 | BD99: 104.94506 | BE99: 105.2369 | BL99: 87.739179 | BM99: 96.356927 | BN99: 96.397195 | BP99: 94.446055 | BQ99: 97.553596
A100: High income | B100: HIC | C100: School enrollment, primary (% gross) | D100: SE.PRM.ENRR | AR100: 104.24979 | AS100: 103.07413 | AT100: 103.25431 | AU100: 103.36286 | AV100: 103.81048 | AW100: 103.7519 | AX100: 102.73452 | AY100: 103.04794 | AZ100: 102.93519 | BA100: 103.12024 | BB100: 102.79921 | BC100: 102.52759 | BD100: 102.22878 | BE100: 102.1973 | BF100: 101.08046 | BG100: 100.68746 | BH100: 100.83999 | BI100: 100.93446 | BJ100: 101.4206 | BK100: 101.31539 | BL100: 101.18946 | BM100: 100.78958 | BN100: 100.12959 | BO100: 99.637032 | BP100: 99.709068 | BQ100: 99.806
A101: Hong Kong SAR, China | B101: HKG | C101: School enrollment, primary (% gross) | D101: SE.PRM.ENRR | AT101: 100.90642 | AU101: 101.92131 | AV101: 102.7107 | AW101: 100.33164 | AX101: 100.7303 | AY101: 101.05595 | AZ101: 100.72928 | BA101: 102.48016 | BB101: 104.33899 | BC101: 105.42922 | BD101: 104.60275 | BE101: 107.34057 | BF101: 106.88467 | BG101: 105.04569 | BH101: 105.13152 | BI101: 104.74101 | BJ101: 104.80791 | BK101: 103.431 | BL101: 102.20261 | BM101: 105.12876 | BN101: 106.03369 | BO101: 103.02831 | BQ101: 103.15296
...
